Group,Product
1,PBGL1P40Y0ZZD
2,GDT20P10248E5AA10
3,GDT02P10250B0AA2
4,GDT1.2S10248E5AAA2
5,PB5P20Y30SP5ZZO
6,GDT5P10248E5AA17
7,CAB02SDJ02J02AA2
8,GDT0HSDH20508E0AA2
9,GDT3P10248E5AAA4
10,RCB1PX04EXT04G20
11,GDB100P30682E4D0GG4
12,GD5P10248V5AK4K4AA6
13,CAA50PN02N01AA8
14,CAA10PJ02J02AA8
15,GDT5P10248E5AAA6
16,GDMT10J1J05P20508E0HAAA
17,CAA5PJ03J02XTA17
18,GDT5P401012E0AA6
19,GDT5P20508E0XTK4P10AA6
20,GDT5P30750E0XTK4P10AA6
21,PB5P10Y30SP1ZTP
22,GDB3P10226E7D0S2.5GG4
23,GD7G5P10EQYXD7S4.5GG6
24,PB5P30Y30SP5ZZO
25,PB50P10Y30SZZO
26,GDT3P30748E5AA6
27,GDT10P10248E5AXTK4AA8
28,GDT1P10250E0A10
29,GDT50P30748S9AA8
30,GDT02SDH30748S8AA2
31,CAA20PN02N01A10
32,GDT05P20508E0AA6
33,GDT02P10240W5AAA2
34,GDT02P30748E5AAA2
35,GDT5P30748S9AA8
36,PB5P10Y30SWLZZO
37,GDT01P30748E8AA5
38,GDT0HSD20498E8S4AA2
39,GDB05P10226E7D0AA6
40,GDT0DF10248E9T6AA6
41,GDT10P10248E5AAA8
42,GDT10F10248W5AT4AA6
43,RCA2.5PX04EXTGG7
44,GDMT1P10250E0A18
45,GDT1P20498E8A10
46,GDT5P30748S8AA6
47,GDT02SD20498E8AA2
48,GDT10P30748S9AA8
49,PBGL1P40E9ZZD
50,GDF10HPH10248W5AAA5
51,GDB3P10226E7D0GG4
52,GDT5P20508E0XTK4WLP20AA6
53,GDT1P30748S9A10
54,GDT02P20508V0AA2
55,GDT5P30750B0AA6
56,GDT02P10250E0AA7
57,GDT02P40998S9AA2
58,GDT02P20500E0AA7
59,GDT0HSD10250E0AA2
60,GDT01P20508V0AA5
61,GDT01P20508V0AA8
62,GDT5P20508E0XTK4WLP1AA6
63,GDB5P10226E5D0AA6
64,GD7G06SD10EQXYYGG2
65,GDT02P30748E8AA2
66,GDT0HSD30748S9CC2
67,GDT20P10250E0A10
68,GDT0X4S30748E8AA2
69,GDB1S10226E7D0GG7
70,GDT5P10250E0AA6
71,GDT3P10240W5AAA4
72,PB5P098Y30ZZO
73,PB5P20Y30SP1ZZO
74,PB50P20Y30SP50ZZO
75,GDMT05P20508E0WLAA6
76,PB50P10Y30SWLZZO
77,CAA01PJ02J02XTA14
78,PBI21P30E5ZZD
79,GDT1P30750V0A10
80,GDT20P30748E5AA5
81,PBI210P30E5ZZD
82,GDT05P10248E5AAA6
83,GDB01S10226E7D0GG7
84,CAA3PN02N01AA4
85,PB5P40E8ZTP
86,GDT3P10248V5AAA4
87,GDT05P20500E0AA6
88,PB50P20Y30SWLZZO
89,GDT1PH30748S8A10
90,GDT01SH20508E0AA2
91,GDMT1P20508E0A18
92,GDT1P20498E5AA10
93,PB5P20Y30SZZO
94,GDT1P10240X0A10
95,GD7G5P10EQXYYD7GG6
96,GDT01S30748E8S4AA7
97,PBA05PT30E8CWHZZD
98,GDT1P20500E0A10
99,GDT01P20508E0XTK4AA5
100,GDB0HSD10226E7D0GG2
101,GDT1P30750E0A10
102,GDT02P30762E0AA2
103,GDT05P20498E5AAA6
104,GDB10P10226V7D0GG8
105,GD7G10P10EXYYD7GG8
106,GDF5HPH10248W5AAA5
107,CAA1PN02N01A10
108,GDT02P10248EB5AA2
109,GDT3P20498E9AA4
110,GDMT10J05J02P10250E0HAAA
111,PB5P10Y30SP5ZZO
112,GDT3P30750E0AA4
113,GDB10P10226E7D0AA8
114,PB5P20Y30SWLZZO
115,GDT01P401012E0AA5
116,PB50P30E8ZTP
117,GDT0X4SH20508E0AA2
118,GDMT5J1P10250E0DAAA
119,GDT5P20508E0AA6
120,GD7G01P20EQXYYD4AA5
121,PB50P10Y30SP50ZZO
122,GDT01P20508E0AA5
123,GDT02P20498E5AAA2
124,PB50P20Y30SZZO
125,GDT02P20508E0AA2
126,PB50P20Y30SP75ZZO
127,PB5P10Y30SZZO