Equipment,Operation,Product,Material,Time,Lot,OPOrder
T1-FF101,摺疊,GD7G06SD10EQXYYGG2,GD7G06SD10EQXYYGG2,240,1,1
T1-FF301,摺疊,GD7G06SD10EQXYYGG2,GD7G06SD10EQXYYGG2,240,1,1
T1-FF302,摺疊,GD7G06SD10EQXYYGG2,GD7G06SD10EQXYYGG2,240,1,1
T1-FF401,摺疊,GD7G06SD10EQXYYGG2,GD7G06SD10EQXYYGG2,240,1,1
T1-EC201,修邊,GD7G06SD10EQXYYGG2,GD7G06SD10EQXYYGG2,240,1,2
T1-EC301,修邊,GD7G06SD10EQXYYGG2,GD7G06SD10EQXYYGG2,240,1,2
T1-LM501,端蓋,GD7G06SD10EQXYYGG2,GD7G06SD10EQXYYGG2,144,1,3
T1-VP201,真空,GD7G06SD10EQXYYGG2,GD7G06SD10EQXYYGG2,45,1,4
T1-VP202,真空,GD7G06SD10EQXYYGG2,GD7G06SD10EQXYYGG2,45,1,4
T1-VP102,真空,GD7G06SD10EQXYYGG2,GD7G06SD10EQXYYGG2,65.45454545,1,4
T1-VP103,真空,GD7G06SD10EQXYYGG2,GD7G06SD10EQXYYGG2,65.45454545,1,4
T1-FF101,摺疊,GDB0HSD10226E7D0GG2,GDB0HSD10226E7D0GG2,120,1,1
T1-FF301,摺疊,GDB0HSD10226E7D0GG2,GDB0HSD10226E7D0GG2,120,1,1
T1-FF302,摺疊,GDB0HSD10226E7D0GG2,GDB0HSD10226E7D0GG2,120,1,1
T1-FF401,摺疊,GDB0HSD10226E7D0GG2,GDB0HSD10226E7D0GG2,120,1,1
T1-EC201,修邊,GDB0HSD10226E7D0GG2,GDB0HSD10226E7D0GG2,72,1,2
T1-LM101,端蓋,GDB0HSD10226E7D0GG2,GDB0HSD10226E7D0GG2,130.9090909,1,3
T1-LM901,端蓋,GDB0HSD10226E7D0GG2,GDB0HSD10226E7D0GG2,68.57142857,1,3
T1-LM902,端蓋,GDB0HSD10226E7D0GG2,GDB0HSD10226E7D0GG2,51.42857143,1,3
T1-VP201,真空,GDB0HSD10226E7D0GG2,GDB0HSD10226E7D0GG2,45,1,4
T1-VP202,真空,GDB0HSD10226E7D0GG2,GDB0HSD10226E7D0GG2,45,1,4
T1-VP102,真空,GDB0HSD10226E7D0GG2,GDB0HSD10226E7D0GG2,51.42857143,1,4
T1-VP103,真空,GDB0HSD10226E7D0GG2,GDB0HSD10226E7D0GG2,51.42857143,1,4
T1-FF101,摺疊,GDB01S10226E7D0GG7,GDB01S10226E7D0GG7,120,1,1
T1-FF301,摺疊,GDB01S10226E7D0GG7,GDB01S10226E7D0GG7,120,1,1
T1-FF302,摺疊,GDB01S10226E7D0GG7,GDB01S10226E7D0GG7,120,1,1
T1-FF401,摺疊,GDB01S10226E7D0GG7,GDB01S10226E7D0GG7,120,1,1
T1-EC201,修邊,GDB01S10226E7D0GG7,GDB01S10226E7D0GG7,72,1,2
T1-LM101,端蓋,GDB01S10226E7D0GG7,GDB01S10226E7D0GG7,130.9090909,1,3
T1-LM901,端蓋,GDB01S10226E7D0GG7,GDB01S10226E7D0GG7,68.57142857,1,3
T1-LM902,端蓋,GDB01S10226E7D0GG7,GDB01S10226E7D0GG7,51.42857143,1,3
T1-VP201,真空,GDB01S10226E7D0GG7,GDB01S10226E7D0GG7,45,1,4
T1-VP202,真空,GDB01S10226E7D0GG7,GDB01S10226E7D0GG7,45,1,4
T1-VP102,真空,GDB01S10226E7D0GG7,GDB01S10226E7D0GG7,51.42857143,1,4
T1-VP103,真空,GDB01S10226E7D0GG7,GDB01S10226E7D0GG7,51.42857143,1,4
T1-FF101,摺疊,GDB1S10226E7D0GG7,GDB1S10226E7D0GG7,120,1,1
T1-FF301,摺疊,GDB1S10226E7D0GG7,GDB1S10226E7D0GG7,120,1,1
T1-FF302,摺疊,GDB1S10226E7D0GG7,GDB1S10226E7D0GG7,120,1,1
T1-FF401,摺疊,GDB1S10226E7D0GG7,GDB1S10226E7D0GG7,120,1,1
T1-EC201,修邊,GDB1S10226E7D0GG7,GDB1S10226E7D0GG7,72,1,2
T1-LM101,端蓋,GDB1S10226E7D0GG7,GDB1S10226E7D0GG7,130.9090909,1,3
T1-LM901,端蓋,GDB1S10226E7D0GG7,GDB1S10226E7D0GG7,68.57142857,1,3
T1-LM902,端蓋,GDB1S10226E7D0GG7,GDB1S10226E7D0GG7,51.42857143,1,3
T1-JM402,接長,GDB1S10226E7D0GG7,GDB1S10226E7D0GG7,36,1,4
T1-VP201,真空,GDB1S10226E7D0GG7,GDB1S10226E7D0GG7,51.42857143,1,5
T1-VP202,真空,GDB1S10226E7D0GG7,GDB1S10226E7D0GG7,51.42857143,1,5
T1-VP102,真空,GDB1S10226E7D0GG7,GDB1S10226E7D0GG7,51.42857143,1,5
T1-VP103,真空,GDB1S10226E7D0GG7,GDB1S10226E7D0GG7,51.42857143,1,5
T1-FF101,摺疊,GDT0HSD10250E0AA2,GDT0HSD10250E0AA2,120,1,1
T1-FF301,摺疊,GDT0HSD10250E0AA2,GDT0HSD10250E0AA2,120,1,1
T1-FF302,摺疊,GDT0HSD10250E0AA2,GDT0HSD10250E0AA2,120,1,1
T1-FF401,摺疊,GDT0HSD10250E0AA2,GDT0HSD10250E0AA2,120,1,1
T1-EC201,修邊,GDT0HSD10250E0AA2,GDT0HSD10250E0AA2,72,1,2
T1-EC301,修邊,GDT0HSD10250E0AA2,GDT0HSD10250E0AA2,72,1,2
T1-EC501,修邊,GDT0HSD10250E0AA2,GDT0HSD10250E0AA2,72,1,2
T1-LM101,端蓋,GDT0HSD10250E0AA2,GDT0HSD10250E0AA2,130.9090909,1,3
T1-LM901,端蓋,GDT0HSD10250E0AA2,GDT0HSD10250E0AA2,68.57142857,1,3
T1-LM902,端蓋,GDT0HSD10250E0AA2,GDT0HSD10250E0AA2,51.42857143,1,3
T1-LM401,端蓋,GDT0HSD10250E0AA2,GDT0HSD10250E0AA2,51.42857143,1,3
T1-VP201,真空,GDT0HSD10250E0AA2,GDT0HSD10250E0AA2,45,1,4
T1-VP202,真空,GDT0HSD10250E0AA2,GDT0HSD10250E0AA2,45,1,4
T1-VP102,真空,GDT0HSD10250E0AA2,GDT0HSD10250E0AA2,51.42857143,1,4
T1-VP103,真空,GDT0HSD10250E0AA2,GDT0HSD10250E0AA2,51.42857143,1,4
T1-FF101,摺疊,GDT02SD20498E8AA2,GDT02SD20498E8AA2,120,1,1
T1-FF301,摺疊,GDT02SD20498E8AA2,GDT02SD20498E8AA2,120,1,1
T1-FF302,摺疊,GDT02SD20498E8AA2,GDT02SD20498E8AA2,120,1,1
T1-FF401,摺疊,GDT02SD20498E8AA2,GDT02SD20498E8AA2,120,1,1
T1-EC201,修邊,GDT02SD20498E8AA2,GDT02SD20498E8AA2,72,1,2
T1-EC301,修邊,GDT02SD20498E8AA2,GDT02SD20498E8AA2,72,1,2
T1-EC501,修邊,GDT02SD20498E8AA2,GDT02SD20498E8AA2,72,1,2
T1-LM101,端蓋,GDT02SD20498E8AA2,GDT02SD20498E8AA2,130.9090909,1,3
T1-LM901,端蓋,GDT02SD20498E8AA2,GDT02SD20498E8AA2,68.57142857,1,3
T1-LM902,端蓋,GDT02SD20498E8AA2,GDT02SD20498E8AA2,51.42857143,1,3
T1-LM401,端蓋,GDT02SD20498E8AA2,GDT02SD20498E8AA2,51.42857143,1,3
T1-JM101,接長,GDT02SD20498E8AA2,GDT02SD20498E8AA2,32.72727273,1,4
T1-JM402,接長,GDT02SD20498E8AA2,GDT02SD20498E8AA2,36,1,4
T1-VP201,真空,GDT02SD20498E8AA2,GDT02SD20498E8AA2,51.42857143,1,5
T1-VP202,真空,GDT02SD20498E8AA2,GDT02SD20498E8AA2,51.42857143,1,5
T1-VP102,真空,GDT02SD20498E8AA2,GDT02SD20498E8AA2,51.42857143,1,5
T1-VP103,真空,GDT02SD20498E8AA2,GDT02SD20498E8AA2,51.42857143,1,5
T1-FF101,摺疊,GDT0HSD20498E8S4AA2,GDT0HSD20498E8S4AA2,120,1,1
T1-FF301,摺疊,GDT0HSD20498E8S4AA2,GDT0HSD20498E8S4AA2,120,1,1
T1-FF302,摺疊,GDT0HSD20498E8S4AA2,GDT0HSD20498E8S4AA2,120,1,1
T1-FF401,摺疊,GDT0HSD20498E8S4AA2,GDT0HSD20498E8S4AA2,120,1,1
T1-EC201,修邊,GDT0HSD20498E8S4AA2,GDT0HSD20498E8S4AA2,72,1,2
T1-EC301,修邊,GDT0HSD20498E8S4AA2,GDT0HSD20498E8S4AA2,72,1,2
T1-EC501,修邊,GDT0HSD20498E8S4AA2,GDT0HSD20498E8S4AA2,72,1,2
T1-LM101,端蓋,GDT0HSD20498E8S4AA2,GDT0HSD20498E8S4AA2,130.9090909,1,3
T1-LM901,端蓋,GDT0HSD20498E8S4AA2,GDT0HSD20498E8S4AA2,68.57142857,1,3
T1-LM902,端蓋,GDT0HSD20498E8S4AA2,GDT0HSD20498E8S4AA2,51.42857143,1,3
T1-LM401,端蓋,GDT0HSD20498E8S4AA2,GDT0HSD20498E8S4AA2,51.42857143,1,3
T1-JM101,接長,GDT0HSD20498E8S4AA2,GDT0HSD20498E8S4AA2,32.72727273,1,4
T1-JM402,接長,GDT0HSD20498E8S4AA2,GDT0HSD20498E8S4AA2,36,1,4
T1-VP201,真空,GDT0HSD20498E8S4AA2,GDT0HSD20498E8S4AA2,51.42857143,1,5
T1-VP202,真空,GDT0HSD20498E8S4AA2,GDT0HSD20498E8S4AA2,51.42857143,1,5
T1-VP102,真空,GDT0HSD20498E8S4AA2,GDT0HSD20498E8S4AA2,51.42857143,1,5
T1-VP103,真空,GDT0HSD20498E8S4AA2,GDT0HSD20498E8S4AA2,51.42857143,1,5
T1-FF101,摺疊,GDT0HSDH20508E0AA2,GDT0HSDH20508E0AA2,120,1,1
T1-FF301,摺疊,GDT0HSDH20508E0AA2,GDT0HSDH20508E0AA2,120,1,1
T1-FF302,摺疊,GDT0HSDH20508E0AA2,GDT0HSDH20508E0AA2,120,1,1
T1-FF401,摺疊,GDT0HSDH20508E0AA2,GDT0HSDH20508E0AA2,120,1,1
T1-EC201,修邊,GDT0HSDH20508E0AA2,GDT0HSDH20508E0AA2,72,1,2
T1-EC301,修邊,GDT0HSDH20508E0AA2,GDT0HSDH20508E0AA2,72,1,2
T1-EC501,修邊,GDT0HSDH20508E0AA2,GDT0HSDH20508E0AA2,72,1,2
T1-LM101,端蓋,GDT0HSDH20508E0AA2,GDT0HSDH20508E0AA2,130.9090909,1,3
T1-LM901,端蓋,GDT0HSDH20508E0AA2,GDT0HSDH20508E0AA2,68.57142857,1,3
T1-LM902,端蓋,GDT0HSDH20508E0AA2,GDT0HSDH20508E0AA2,51.42857143,1,3
T1-LM401,端蓋,GDT0HSDH20508E0AA2,GDT0HSDH20508E0AA2,51.42857143,1,3
T1-JM101,接長,GDT0HSDH20508E0AA2,GDT0HSDH20508E0AA2,32.72727273,1,4
T1-JM402,接長,GDT0HSDH20508E0AA2,GDT0HSDH20508E0AA2,36,1,4
T1-VP201,真空,GDT0HSDH20508E0AA2,GDT0HSDH20508E0AA2,51.42857143,1,5
T1-VP202,真空,GDT0HSDH20508E0AA2,GDT0HSDH20508E0AA2,51.42857143,1,5
T1-VP102,真空,GDT0HSDH20508E0AA2,GDT0HSDH20508E0AA2,51.42857143,1,5
T1-VP103,真空,GDT0HSDH20508E0AA2,GDT0HSDH20508E0AA2,51.42857143,1,5
T1-FF101,摺疊,GDT02SDH30748S8AA2,GDT02SDH30748S8AA2,120,1,1
T1-FF301,摺疊,GDT02SDH30748S8AA2,GDT02SDH30748S8AA2,120,1,1
T1-FF302,摺疊,GDT02SDH30748S8AA2,GDT02SDH30748S8AA2,120,1,1
T1-FF401,摺疊,GDT02SDH30748S8AA2,GDT02SDH30748S8AA2,120,1,1
T1-EC201,修邊,GDT02SDH30748S8AA2,GDT02SDH30748S8AA2,72,1,2
T1-EC301,修邊,GDT02SDH30748S8AA2,GDT02SDH30748S8AA2,72,1,2
T1-EC501,修邊,GDT02SDH30748S8AA2,GDT02SDH30748S8AA2,72,1,2
T1-LM101,端蓋,GDT02SDH30748S8AA2,GDT02SDH30748S8AA2,130.9090909,1,3
T1-LM901,端蓋,GDT02SDH30748S8AA2,GDT02SDH30748S8AA2,68.57142857,1,3
T1-LM902,端蓋,GDT02SDH30748S8AA2,GDT02SDH30748S8AA2,51.42857143,1,3
T1-LM401,端蓋,GDT02SDH30748S8AA2,GDT02SDH30748S8AA2,51.42857143,1,3
T1-JM101,接長,GDT02SDH30748S8AA2,GDT02SDH30748S8AA2,32.72727273,1,4
T1-JM402,接長,GDT02SDH30748S8AA2,GDT02SDH30748S8AA2,36,1,4
T1-VP201,真空,GDT02SDH30748S8AA2,GDT02SDH30748S8AA2,51.42857143,1,5
T1-VP202,真空,GDT02SDH30748S8AA2,GDT02SDH30748S8AA2,51.42857143,1,5
T1-VP102,真空,GDT02SDH30748S8AA2,GDT02SDH30748S8AA2,51.42857143,1,5
T1-VP103,真空,GDT02SDH30748S8AA2,GDT02SDH30748S8AA2,51.42857143,1,5
T1-FF101,摺疊,GDT1.2S10248E5AAA2,GDT1.2S10248E5AAA2,120,1,1
T1-FF301,摺疊,GDT1.2S10248E5AAA2,GDT1.2S10248E5AAA2,120,1,1
T1-FF302,摺疊,GDT1.2S10248E5AAA2,GDT1.2S10248E5AAA2,120,1,1
T1-FF401,摺疊,GDT1.2S10248E5AAA2,GDT1.2S10248E5AAA2,120,1,1
T1-EC201,修邊,GDT1.2S10248E5AAA2,GDT1.2S10248E5AAA2,72,1,2
T1-EC301,修邊,GDT1.2S10248E5AAA2,GDT1.2S10248E5AAA2,72,1,2
T1-EC501,修邊,GDT1.2S10248E5AAA2,GDT1.2S10248E5AAA2,72,1,2
T1-LM101,端蓋,GDT1.2S10248E5AAA2,GDT1.2S10248E5AAA2,130.9090909,1,3
T1-LM901,端蓋,GDT1.2S10248E5AAA2,GDT1.2S10248E5AAA2,68.57142857,1,3
T1-LM902,端蓋,GDT1.2S10248E5AAA2,GDT1.2S10248E5AAA2,51.42857143,1,3
T1-LM401,端蓋,GDT1.2S10248E5AAA2,GDT1.2S10248E5AAA2,51.42857143,1,3
T1-VP201,真空,GDT1.2S10248E5AAA2,GDT1.2S10248E5AAA2,45,1,4
T1-VP202,真空,GDT1.2S10248E5AAA2,GDT1.2S10248E5AAA2,45,1,4
T1-VP102,真空,GDT1.2S10248E5AAA2,GDT1.2S10248E5AAA2,51.42857143,1,4
T1-VP103,真空,GDT1.2S10248E5AAA2,GDT1.2S10248E5AAA2,51.42857143,1,4
T1-FF101,摺疊,GDT0X4SH20508E0AA2,GDT0X4SH20508E0AA2,120,1,1
T1-FF301,摺疊,GDT0X4SH20508E0AA2,GDT0X4SH20508E0AA2,120,1,1
T1-FF302,摺疊,GDT0X4SH20508E0AA2,GDT0X4SH20508E0AA2,120,1,1
T1-FF401,摺疊,GDT0X4SH20508E0AA2,GDT0X4SH20508E0AA2,120,1,1
T1-EC201,修邊,GDT0X4SH20508E0AA2,GDT0X4SH20508E0AA2,72,1,2
T1-EC301,修邊,GDT0X4SH20508E0AA2,GDT0X4SH20508E0AA2,72,1,2
T1-EC501,修邊,GDT0X4SH20508E0AA2,GDT0X4SH20508E0AA2,72,1,2
T1-LM101,端蓋,GDT0X4SH20508E0AA2,GDT0X4SH20508E0AA2,130.9090909,1,3
T1-LM901,端蓋,GDT0X4SH20508E0AA2,GDT0X4SH20508E0AA2,68.57142857,1,3
T1-LM902,端蓋,GDT0X4SH20508E0AA2,GDT0X4SH20508E0AA2,51.42857143,1,3
T1-LM401,端蓋,GDT0X4SH20508E0AA2,GDT0X4SH20508E0AA2,51.42857143,1,3
T1-JM101,接長,GDT0X4SH20508E0AA2,GDT0X4SH20508E0AA2,32.72727273,1,4
T1-JM402,接長,GDT0X4SH20508E0AA2,GDT0X4SH20508E0AA2,36,1,4
T1-VP201,真空,GDT0X4SH20508E0AA2,GDT0X4SH20508E0AA2,51.42857143,1,5
T1-VP202,真空,GDT0X4SH20508E0AA2,GDT0X4SH20508E0AA2,51.42857143,1,5
T1-VP102,真空,GDT0X4SH20508E0AA2,GDT0X4SH20508E0AA2,51.42857143,1,5
T1-VP103,真空,GDT0X4SH20508E0AA2,GDT0X4SH20508E0AA2,51.42857143,1,5
T1-FF101,摺疊,GDT01SH20508E0AA2,GDT01SH20508E0AA2,120,1,1
T1-FF301,摺疊,GDT01SH20508E0AA2,GDT01SH20508E0AA2,120,1,1
T1-FF302,摺疊,GDT01SH20508E0AA2,GDT01SH20508E0AA2,120,1,1
T1-FF401,摺疊,GDT01SH20508E0AA2,GDT01SH20508E0AA2,120,1,1
T1-EC201,修邊,GDT01SH20508E0AA2,GDT01SH20508E0AA2,72,1,2
T1-EC301,修邊,GDT01SH20508E0AA2,GDT01SH20508E0AA2,72,1,2
T1-EC501,修邊,GDT01SH20508E0AA2,GDT01SH20508E0AA2,72,1,2
T1-LM101,端蓋,GDT01SH20508E0AA2,GDT01SH20508E0AA2,130.9090909,1,3
T1-LM901,端蓋,GDT01SH20508E0AA2,GDT01SH20508E0AA2,68.57142857,1,3
T1-LM902,端蓋,GDT01SH20508E0AA2,GDT01SH20508E0AA2,51.42857143,1,3
T1-LM401,端蓋,GDT01SH20508E0AA2,GDT01SH20508E0AA2,51.42857143,1,3
T1-JM101,接長,GDT01SH20508E0AA2,GDT01SH20508E0AA2,32.72727273,1,4
T1-JM402,接長,GDT01SH20508E0AA2,GDT01SH20508E0AA2,36,1,4
T1-VP201,真空,GDT01SH20508E0AA2,GDT01SH20508E0AA2,51.42857143,1,5
T1-VP202,真空,GDT01SH20508E0AA2,GDT01SH20508E0AA2,51.42857143,1,5
T1-VP102,真空,GDT01SH20508E0AA2,GDT01SH20508E0AA2,51.42857143,1,5
T1-VP103,真空,GDT01SH20508E0AA2,GDT01SH20508E0AA2,51.42857143,1,5
T1-FF101,摺疊,GDT0X4S30748E8AA2,GDT0X4S30748E8AA2,120,1,1
T1-FF301,摺疊,GDT0X4S30748E8AA2,GDT0X4S30748E8AA2,120,1,1
T1-FF302,摺疊,GDT0X4S30748E8AA2,GDT0X4S30748E8AA2,120,1,1
T1-FF401,摺疊,GDT0X4S30748E8AA2,GDT0X4S30748E8AA2,120,1,1
T1-EC201,修邊,GDT0X4S30748E8AA2,GDT0X4S30748E8AA2,72,1,2
T1-EC301,修邊,GDT0X4S30748E8AA2,GDT0X4S30748E8AA2,72,1,2
T1-EC501,修邊,GDT0X4S30748E8AA2,GDT0X4S30748E8AA2,72,1,2
T1-LM101,端蓋,GDT0X4S30748E8AA2,GDT0X4S30748E8AA2,130.9090909,1,3
T1-LM901,端蓋,GDT0X4S30748E8AA2,GDT0X4S30748E8AA2,68.57142857,1,3
T1-LM902,端蓋,GDT0X4S30748E8AA2,GDT0X4S30748E8AA2,51.42857143,1,3
T1-LM401,端蓋,GDT0X4S30748E8AA2,GDT0X4S30748E8AA2,51.42857143,1,3
T1-JM101,接長,GDT0X4S30748E8AA2,GDT0X4S30748E8AA2,32.72727273,1,4
T1-JM402,接長,GDT0X4S30748E8AA2,GDT0X4S30748E8AA2,36,1,4
T1-VP201,真空,GDT0X4S30748E8AA2,GDT0X4S30748E8AA2,51.42857143,1,5
T1-VP202,真空,GDT0X4S30748E8AA2,GDT0X4S30748E8AA2,51.42857143,1,5
T1-VP102,真空,GDT0X4S30748E8AA2,GDT0X4S30748E8AA2,51.42857143,1,5
T1-VP103,真空,GDT0X4S30748E8AA2,GDT0X4S30748E8AA2,51.42857143,1,5
T1-FF101,摺疊,GDT01S30748E8S4AA7,GDT01S30748E8S4AA7,120,1,1
T1-FF301,摺疊,GDT01S30748E8S4AA7,GDT01S30748E8S4AA7,120,1,1
T1-FF302,摺疊,GDT01S30748E8S4AA7,GDT01S30748E8S4AA7,120,1,1
T1-FF401,摺疊,GDT01S30748E8S4AA7,GDT01S30748E8S4AA7,120,1,1
T1-EC201,修邊,GDT01S30748E8S4AA7,GDT01S30748E8S4AA7,72,1,2
T1-EC301,修邊,GDT01S30748E8S4AA7,GDT01S30748E8S4AA7,72,1,2
T1-EC501,修邊,GDT01S30748E8S4AA7,GDT01S30748E8S4AA7,72,1,2
T1-LM101,端蓋,GDT01S30748E8S4AA7,GDT01S30748E8S4AA7,130.9090909,1,3
T1-LM901,端蓋,GDT01S30748E8S4AA7,GDT01S30748E8S4AA7,68.57142857,1,3
T1-LM902,端蓋,GDT01S30748E8S4AA7,GDT01S30748E8S4AA7,51.42857143,1,3
T1-LM401,端蓋,GDT01S30748E8S4AA7,GDT01S30748E8S4AA7,51.42857143,1,3
T1-JM101,接長,GDT01S30748E8S4AA7,GDT01S30748E8S4AA7,32.72727273,1,4
T1-JM402,接長,GDT01S30748E8S4AA7,GDT01S30748E8S4AA7,36,1,4
T1-VP201,真空,GDT01S30748E8S4AA7,GDT01S30748E8S4AA7,51.42857143,1,5
T1-VP202,真空,GDT01S30748E8S4AA7,GDT01S30748E8S4AA7,51.42857143,1,5
T1-VP102,真空,GDT01S30748E8S4AA7,GDT01S30748E8S4AA7,51.42857143,1,5
T1-VP103,真空,GDT01S30748E8S4AA7,GDT01S30748E8S4AA7,51.42857143,1,5
T1-FF101,摺疊,GDT0HSD30748S9CC2,GDT0HSD30748S9CC2,120,1,1
T1-FF301,摺疊,GDT0HSD30748S9CC2,GDT0HSD30748S9CC2,120,1,1
T1-FF302,摺疊,GDT0HSD30748S9CC2,GDT0HSD30748S9CC2,120,1,1
T1-FF401,摺疊,GDT0HSD30748S9CC2,GDT0HSD30748S9CC2,120,1,1
T1-EC201,修邊,GDT0HSD30748S9CC2,GDT0HSD30748S9CC2,72,1,2
T1-EC301,修邊,GDT0HSD30748S9CC2,GDT0HSD30748S9CC2,72,1,2
T1-EC501,修邊,GDT0HSD30748S9CC2,GDT0HSD30748S9CC2,72,1,2
T1-LM101,端蓋,GDT0HSD30748S9CC2,GDT0HSD30748S9CC2,130.9090909,1,3
T1-LM901,端蓋,GDT0HSD30748S9CC2,GDT0HSD30748S9CC2,68.57142857,1,3
T1-LM902,端蓋,GDT0HSD30748S9CC2,GDT0HSD30748S9CC2,51.42857143,1,3
T1-LM401,端蓋,GDT0HSD30748S9CC2,GDT0HSD30748S9CC2,51.42857143,1,3
T1-JM101,接長,GDT0HSD30748S9CC2,GDT0HSD30748S9CC2,32.72727273,1,4
T1-JM402,接長,GDT0HSD30748S9CC2,GDT0HSD30748S9CC2,36,1,4
T1-VP201,真空,GDT0HSD30748S9CC2,GDT0HSD30748S9CC2,51.42857143,1,5
T1-VP202,真空,GDT0HSD30748S9CC2,GDT0HSD30748S9CC2,51.42857143,1,5
T1-VP102,真空,GDT0HSD30748S9CC2,GDT0HSD30748S9CC2,51.42857143,1,5
T1-VP103,真空,GDT0HSD30748S9CC2,GDT0HSD30748S9CC2,51.42857143,1,5
T1-FF101,摺疊,CAB02SDJ02J02AA2,CAB02SDJ02J02AA2,120,1,1
T1-FF301,摺疊,CAB02SDJ02J02AA2,CAB02SDJ02J02AA2,120,1,1
T1-FF302,摺疊,CAB02SDJ02J02AA2,CAB02SDJ02J02AA2,120,1,1
T1-FF401,摺疊,CAB02SDJ02J02AA2,CAB02SDJ02J02AA2,120,1,1
T1-EC401,修邊,CAB02SDJ02J02AA2,CAB02SDJ02J02AA2,102.8571429,1,2
T1-LM601,端蓋,CAB02SDJ02J02AA2,CAB02SDJ02J02AA2,51.42857143,1,3
T1-LM701,端蓋,CAB02SDJ02J02AA2,CAB02SDJ02J02AA2,65.45454545,1,4
T1-LM801,端蓋,CAB02SDJ02J02AA2,CAB02SDJ02J02AA2,55.38461538,1,5
T17-0A,保壓,CAB02SDJ02J02AA2,CAB02SDJ02J02AA2,51.42857143,1,6
T1-VP201,真空,CAB02SDJ02J02AA2,CAB02SDJ02J02AA2,45,1,7
T1-VP202,真空,CAB02SDJ02J02AA2,CAB02SDJ02J02AA2,45,1,7
T1-FF101,摺疊,GD7G10P10EXYYD7GG8,GD7G10P10EXYYD7GG8,120,1,1
T1-FF301,摺疊,GD7G10P10EXYYD7GG8,GD7G10P10EXYYD7GG8,120,1,1
T1-FF302,摺疊,GD7G10P10EXYYD7GG8,GD7G10P10EXYYD7GG8,120,1,1
T1-FF401,摺疊,GD7G10P10EXYYD7GG8,GD7G10P10EXYYD7GG8,120,1,1
T1-EC201,修邊,GD7G10P10EXYYD7GG8,GD7G10P10EXYYD7GG8,102.8571429,1,2
T1-EC301,修邊,GD7G10P10EXYYD7GG8,GD7G10P10EXYYD7GG8,102.8571429,1,2
T1-LM501,端蓋,GD7G10P10EXYYD7GG8,GD7G10P10EXYYD7GG8,144,1,3
T1-VP201,真空,GD7G10P10EXYYD7GG8,GD7G10P10EXYYD7GG8,45,1,4
T1-VP202,真空,GD7G10P10EXYYD7GG8,GD7G10P10EXYYD7GG8,45,1,4
T1-VP102,真空,GD7G10P10EXYYD7GG8,GD7G10P10EXYYD7GG8,65.45454545,1,4
T1-VP103,真空,GD7G10P10EXYYD7GG8,GD7G10P10EXYYD7GG8,65.45454545,1,4
T1-FF101,摺疊,GD7G5P10EQYXD7S4.5GG6,GD7G5P10EQYXD7S4.5GG6,120,1,1
T1-FF301,摺疊,GD7G5P10EQYXD7S4.5GG6,GD7G5P10EQYXD7S4.5GG6,120,1,1
T1-FF302,摺疊,GD7G5P10EQYXD7S4.5GG6,GD7G5P10EQYXD7S4.5GG6,120,1,1
T1-FF401,摺疊,GD7G5P10EQYXD7S4.5GG6,GD7G5P10EQYXD7S4.5GG6,120,1,1
T1-EC201,修邊,GD7G5P10EQYXD7S4.5GG6,GD7G5P10EQYXD7S4.5GG6,102.8571429,1,2
T1-EC301,修邊,GD7G5P10EQYXD7S4.5GG6,GD7G5P10EQYXD7S4.5GG6,102.8571429,1,2
T1-LM501,端蓋,GD7G5P10EQYXD7S4.5GG6,GD7G5P10EQYXD7S4.5GG6,144,1,3
T1-VP201,真空,GD7G5P10EQYXD7S4.5GG6,GD7G5P10EQYXD7S4.5GG6,45,1,4
T1-VP202,真空,GD7G5P10EQYXD7S4.5GG6,GD7G5P10EQYXD7S4.5GG6,45,1,4
T1-VP102,真空,GD7G5P10EQYXD7S4.5GG6,GD7G5P10EQYXD7S4.5GG6,65.45454545,1,4
T1-VP103,真空,GD7G5P10EQYXD7S4.5GG6,GD7G5P10EQYXD7S4.5GG6,65.45454545,1,4
T1-FF101,摺疊,GD7G5P10EQXYYD7GG6,GD7G5P10EQXYYD7GG6,120,1,1
T1-FF301,摺疊,GD7G5P10EQXYYD7GG6,GD7G5P10EQXYYD7GG6,120,1,1
T1-FF302,摺疊,GD7G5P10EQXYYD7GG6,GD7G5P10EQXYYD7GG6,120,1,1
T1-FF401,摺疊,GD7G5P10EQXYYD7GG6,GD7G5P10EQXYYD7GG6,120,1,1
T1-EC201,修邊,GD7G5P10EQXYYD7GG6,GD7G5P10EQXYYD7GG6,102.8571429,1,2
T1-EC301,修邊,GD7G5P10EQXYYD7GG6,GD7G5P10EQXYYD7GG6,102.8571429,1,2
T1-LM501,端蓋,GD7G5P10EQXYYD7GG6,GD7G5P10EQXYYD7GG6,144,1,3
T1-VP201,真空,GD7G5P10EQXYYD7GG6,GD7G5P10EQXYYD7GG6,45,1,4
T1-VP202,真空,GD7G5P10EQXYYD7GG6,GD7G5P10EQXYYD7GG6,45,1,4
T1-VP102,真空,GD7G5P10EQXYYD7GG6,GD7G5P10EQXYYD7GG6,65.45454545,1,4
T1-VP103,真空,GD7G5P10EQXYYD7GG6,GD7G5P10EQXYYD7GG6,65.45454545,1,4
T1-FF101,摺疊,GD7G01P20EQXYYD4AA5,GD7G01P20EQXYYD4AA5,120,1,1
T1-FF301,摺疊,GD7G01P20EQXYYD4AA5,GD7G01P20EQXYYD4AA5,120,1,1
T1-FF302,摺疊,GD7G01P20EQXYYD4AA5,GD7G01P20EQXYYD4AA5,120,1,1
T1-FF401,摺疊,GD7G01P20EQXYYD4AA5,GD7G01P20EQXYYD4AA5,120,1,1
T1-EC201,修邊,GD7G01P20EQXYYD4AA5,GD7G01P20EQXYYD4AA5,102.8571429,1,2
T1-EC301,修邊,GD7G01P20EQXYYD4AA5,GD7G01P20EQXYYD4AA5,102.8571429,1,2
T1-LM501,端蓋,GD7G01P20EQXYYD4AA5,GD7G01P20EQXYYD4AA5,144,1,3
T1-JM501,接長,GD7G01P20EQXYYD4AA5,GD7G01P20EQXYYD4AA5,180,1,4
T1-VP201,真空,GD7G01P20EQXYYD4AA5,GD7G01P20EQXYYD4AA5,51.42857143,1,5
T1-VP202,真空,GD7G01P20EQXYYD4AA5,GD7G01P20EQXYYD4AA5,51.42857143,1,5
T1-VP102,真空,GD7G01P20EQXYYD4AA5,GD7G01P20EQXYYD4AA5,65.45454545,1,5
T1-JM201,熔噴,PBGL1P40E9ZZD,PBGL1P40E9ZZD,26.66666667,1,1
T1-JM301,熔噴,PBGL1P40E9ZZD,PBGL1P40E9ZZD,28.8,1,1
T1-JM401,熔噴,PBGL1P40E9ZZD,PBGL1P40E9ZZD,40,1,1
T1-FF101,摺疊,GDMT1P10250E0A18,GDMT1P10250E0A18,60,1,1
T1-FF301,摺疊,GDMT1P10250E0A18,GDMT1P10250E0A18,60,1,1
T1-FF302,摺疊,GDMT1P10250E0A18,GDMT1P10250E0A18,60,1,1
T1-FF401,摺疊,GDMT1P10250E0A18,GDMT1P10250E0A18,60,1,1
T1-EC201,修邊,GDMT1P10250E0A18,GDMT1P10250E0A18,45,1,2
T1-EC301,修邊,GDMT1P10250E0A18,GDMT1P10250E0A18,45,1,2
T1-EC501,修邊,GDMT1P10250E0A18,GDMT1P10250E0A18,45,1,2
T1-LM101,端蓋,GDMT1P10250E0A18,GDMT1P10250E0A18,130.9090909,1,3
T1-LM901,端蓋,GDMT1P10250E0A18,GDMT1P10250E0A18,68.57142857,1,3
T1-LM902,端蓋,GDMT1P10250E0A18,GDMT1P10250E0A18,51.42857143,1,3
T1-LM201,端蓋,GDMT1P10250E0A18,GDMT1P10250E0A18,51.42857143,1,3
T1-VP201,真空,GDMT1P10250E0A18,GDMT1P10250E0A18,45,1,4
T1-VP202,真空,GDMT1P10250E0A18,GDMT1P10250E0A18,45,1,4
T1-VP102,真空,GDMT1P10250E0A18,GDMT1P10250E0A18,51.42857143,1,4
T1-VP103,真空,GDMT1P10250E0A18,GDMT1P10250E0A18,51.42857143,1,4
T1-FF101,摺疊,GDMT5J1P10250E0DAAA,GDMT5J1P10250E0DAAA,60,1,1
T1-FF301,摺疊,GDMT5J1P10250E0DAAA,GDMT5J1P10250E0DAAA,60,1,1
T1-FF302,摺疊,GDMT5J1P10250E0DAAA,GDMT5J1P10250E0DAAA,60,1,1
T1-FF401,摺疊,GDMT5J1P10250E0DAAA,GDMT5J1P10250E0DAAA,60,1,1
T1-EC201,修邊,GDMT5J1P10250E0DAAA,GDMT5J1P10250E0DAAA,45,1,2
T1-EC301,修邊,GDMT5J1P10250E0DAAA,GDMT5J1P10250E0DAAA,45,1,2
T1-EC501,修邊,GDMT5J1P10250E0DAAA,GDMT5J1P10250E0DAAA,45,1,2
T1-LM101,端蓋,GDMT5J1P10250E0DAAA,GDMT5J1P10250E0DAAA,130.9090909,1,3
T1-LM901,端蓋,GDMT5J1P10250E0DAAA,GDMT5J1P10250E0DAAA,68.57142857,1,3
T1-LM902,端蓋,GDMT5J1P10250E0DAAA,GDMT5J1P10250E0DAAA,51.42857143,1,3
T1-LM201,端蓋,GDMT5J1P10250E0DAAA,GDMT5J1P10250E0DAAA,51.42857143,1,3
T1-VP201,真空,GDMT5J1P10250E0DAAA,GDMT5J1P10250E0DAAA,45,1,4
T1-VP202,真空,GDMT5J1P10250E0DAAA,GDMT5J1P10250E0DAAA,45,1,4
T1-VP102,真空,GDMT5J1P10250E0DAAA,GDMT5J1P10250E0DAAA,51.42857143,1,4
T1-VP103,真空,GDMT5J1P10250E0DAAA,GDMT5J1P10250E0DAAA,51.42857143,1,4
T1-FF101,摺疊,GDT02P10248EB5AA2,GDT02P10248EB5AA2,60,1,1
T1-FF301,摺疊,GDT02P10248EB5AA2,GDT02P10248EB5AA2,60,1,1
T1-FF302,摺疊,GDT02P10248EB5AA2,GDT02P10248EB5AA2,60,1,1
T1-FF401,摺疊,GDT02P10248EB5AA2,GDT02P10248EB5AA2,60,1,1
T1-EC201,修邊,GDT02P10248EB5AA2,GDT02P10248EB5AA2,45,1,2
T1-EC301,修邊,GDT02P10248EB5AA2,GDT02P10248EB5AA2,45,1,2
T1-EC501,修邊,GDT02P10248EB5AA2,GDT02P10248EB5AA2,45,1,2
T1-LM101,端蓋,GDT02P10248EB5AA2,GDT02P10248EB5AA2,130.9090909,1,3
T1-LM901,端蓋,GDT02P10248EB5AA2,GDT02P10248EB5AA2,68.57142857,1,3
T1-LM902,端蓋,GDT02P10248EB5AA2,GDT02P10248EB5AA2,51.42857143,1,3
T1-LM401,端蓋,GDT02P10248EB5AA2,GDT02P10248EB5AA2,51.42857143,1,3
T1-VP201,真空,GDT02P10248EB5AA2,GDT02P10248EB5AA2,45,1,4
T1-VP202,真空,GDT02P10248EB5AA2,GDT02P10248EB5AA2,45,1,4
T1-VP102,真空,GDT02P10248EB5AA2,GDT02P10248EB5AA2,51.42857143,1,4
T1-VP103,真空,GDT02P10248EB5AA2,GDT02P10248EB5AA2,51.42857143,1,4
T1-FF101,摺疊,GDT02P10240W5AAA2,GDT02P10240W5AAA2,60,1,1
T1-FF301,摺疊,GDT02P10240W5AAA2,GDT02P10240W5AAA2,60,1,1
T1-FF302,摺疊,GDT02P10240W5AAA2,GDT02P10240W5AAA2,60,1,1
T1-FF401,摺疊,GDT02P10240W5AAA2,GDT02P10240W5AAA2,60,1,1
T1-EC201,修邊,GDT02P10240W5AAA2,GDT02P10240W5AAA2,45,1,2
T1-EC301,修邊,GDT02P10240W5AAA2,GDT02P10240W5AAA2,45,1,2
T1-EC501,修邊,GDT02P10240W5AAA2,GDT02P10240W5AAA2,45,1,2
T1-LM101,端蓋,GDT02P10240W5AAA2,GDT02P10240W5AAA2,130.9090909,1,3
T1-LM901,端蓋,GDT02P10240W5AAA2,GDT02P10240W5AAA2,68.57142857,1,3
T1-LM902,端蓋,GDT02P10240W5AAA2,GDT02P10240W5AAA2,51.42857143,1,3
T1-LM401,端蓋,GDT02P10240W5AAA2,GDT02P10240W5AAA2,51.42857143,1,3
T1-VP201,真空,GDT02P10240W5AAA2,GDT02P10240W5AAA2,45,1,4
T1-VP202,真空,GDT02P10240W5AAA2,GDT02P10240W5AAA2,45,1,4
T1-VP102,真空,GDT02P10240W5AAA2,GDT02P10240W5AAA2,51.42857143,1,4
T1-VP103,真空,GDT02P10240W5AAA2,GDT02P10240W5AAA2,51.42857143,1,4
T1-FF101,摺疊,GDT02P10250E0AA7,GDT02P10250E0AA7,60,1,1
T1-FF301,摺疊,GDT02P10250E0AA7,GDT02P10250E0AA7,60,1,1
T1-FF302,摺疊,GDT02P10250E0AA7,GDT02P10250E0AA7,60,1,1
T1-FF401,摺疊,GDT02P10250E0AA7,GDT02P10250E0AA7,60,1,1
T1-EC201,修邊,GDT02P10250E0AA7,GDT02P10250E0AA7,45,1,2
T1-EC301,修邊,GDT02P10250E0AA7,GDT02P10250E0AA7,45,1,2
T1-EC501,修邊,GDT02P10250E0AA7,GDT02P10250E0AA7,45,1,2
T1-LM101,端蓋,GDT02P10250E0AA7,GDT02P10250E0AA7,130.9090909,1,3
T1-LM901,端蓋,GDT02P10250E0AA7,GDT02P10250E0AA7,68.57142857,1,3
T1-LM902,端蓋,GDT02P10250E0AA7,GDT02P10250E0AA7,51.42857143,1,3
T1-LM401,端蓋,GDT02P10250E0AA7,GDT02P10250E0AA7,51.42857143,1,3
T1-VP201,真空,GDT02P10250E0AA7,GDT02P10250E0AA7,45,1,4
T1-VP202,真空,GDT02P10250E0AA7,GDT02P10250E0AA7,45,1,4
T1-VP102,真空,GDT02P10250E0AA7,GDT02P10250E0AA7,51.42857143,1,4
T1-VP103,真空,GDT02P10250E0AA7,GDT02P10250E0AA7,51.42857143,1,4
T1-FF101,摺疊,GDT02P10250B0AA2,GDT02P10250B0AA2,60,1,1
T1-FF301,摺疊,GDT02P10250B0AA2,GDT02P10250B0AA2,60,1,1
T1-FF302,摺疊,GDT02P10250B0AA2,GDT02P10250B0AA2,60,1,1
T1-FF401,摺疊,GDT02P10250B0AA2,GDT02P10250B0AA2,60,1,1
T1-EC201,修邊,GDT02P10250B0AA2,GDT02P10250B0AA2,45,1,2
T1-EC301,修邊,GDT02P10250B0AA2,GDT02P10250B0AA2,45,1,2
T1-EC501,修邊,GDT02P10250B0AA2,GDT02P10250B0AA2,45,1,2
T1-LM101,端蓋,GDT02P10250B0AA2,GDT02P10250B0AA2,130.9090909,1,3
T1-LM901,端蓋,GDT02P10250B0AA2,GDT02P10250B0AA2,68.57142857,1,3
T1-LM902,端蓋,GDT02P10250B0AA2,GDT02P10250B0AA2,51.42857143,1,3
T1-LM401,端蓋,GDT02P10250B0AA2,GDT02P10250B0AA2,51.42857143,1,3
T1-VP201,真空,GDT02P10250B0AA2,GDT02P10250B0AA2,45,1,4
T1-VP202,真空,GDT02P10250B0AA2,GDT02P10250B0AA2,45,1,4
T1-VP102,真空,GDT02P10250B0AA2,GDT02P10250B0AA2,51.42857143,1,4
T1-VP103,真空,GDT02P10250B0AA2,GDT02P10250B0AA2,51.42857143,1,4
T1-FF101,摺疊,GDT10P10248E5AAA8,GDT10P10248E5AAA8,60,1,1
T1-FF301,摺疊,GDT10P10248E5AAA8,GDT10P10248E5AAA8,60,1,1
T1-FF302,摺疊,GDT10P10248E5AAA8,GDT10P10248E5AAA8,60,1,1
T1-FF401,摺疊,GDT10P10248E5AAA8,GDT10P10248E5AAA8,60,1,1
T1-EC201,修邊,GDT10P10248E5AAA8,GDT10P10248E5AAA8,45,1,2
T1-EC301,修邊,GDT10P10248E5AAA8,GDT10P10248E5AAA8,45,1,2
T1-EC501,修邊,GDT10P10248E5AAA8,GDT10P10248E5AAA8,45,1,2
T1-LM101,端蓋,GDT10P10248E5AAA8,GDT10P10248E5AAA8,130.9090909,1,3
T1-LM901,端蓋,GDT10P10248E5AAA8,GDT10P10248E5AAA8,68.57142857,1,3
T1-LM902,端蓋,GDT10P10248E5AAA8,GDT10P10248E5AAA8,51.42857143,1,3
T1-LM401,端蓋,GDT10P10248E5AAA8,GDT10P10248E5AAA8,51.42857143,1,3
T1-VP201,真空,GDT10P10248E5AAA8,GDT10P10248E5AAA8,45,1,4
T1-VP202,真空,GDT10P10248E5AAA8,GDT10P10248E5AAA8,45,1,4
T1-VP102,真空,GDT10P10248E5AAA8,GDT10P10248E5AAA8,51.42857143,1,4
T1-VP103,真空,GDT10P10248E5AAA8,GDT10P10248E5AAA8,51.42857143,1,4
T1-FF101,摺疊,GDT10P10248E5AXTK4AA8,GDT10P10248E5AXTK4AA8,60,1,1
T1-FF301,摺疊,GDT10P10248E5AXTK4AA8,GDT10P10248E5AXTK4AA8,60,1,1
T1-FF302,摺疊,GDT10P10248E5AXTK4AA8,GDT10P10248E5AXTK4AA8,60,1,1
T1-FF401,摺疊,GDT10P10248E5AXTK4AA8,GDT10P10248E5AXTK4AA8,60,1,1
T1-EC201,修邊,GDT10P10248E5AXTK4AA8,GDT10P10248E5AXTK4AA8,45,1,2
T1-EC301,修邊,GDT10P10248E5AXTK4AA8,GDT10P10248E5AXTK4AA8,45,1,2
T1-EC501,修邊,GDT10P10248E5AXTK4AA8,GDT10P10248E5AXTK4AA8,45,1,2
T1-LM101,端蓋,GDT10P10248E5AXTK4AA8,GDT10P10248E5AXTK4AA8,130.9090909,1,3
T1-LM901,端蓋,GDT10P10248E5AXTK4AA8,GDT10P10248E5AXTK4AA8,68.57142857,1,3
T1-LM902,端蓋,GDT10P10248E5AXTK4AA8,GDT10P10248E5AXTK4AA8,51.42857143,1,3
T1-LM401,端蓋,GDT10P10248E5AXTK4AA8,GDT10P10248E5AXTK4AA8,51.42857143,1,3
T1-VP201,真空,GDT10P10248E5AXTK4AA8,GDT10P10248E5AXTK4AA8,45,1,4
T1-VP202,真空,GDT10P10248E5AXTK4AA8,GDT10P10248E5AXTK4AA8,45,1,4
T1-VP102,真空,GDT10P10248E5AXTK4AA8,GDT10P10248E5AXTK4AA8,51.42857143,1,4
T1-VP103,真空,GDT10P10248E5AXTK4AA8,GDT10P10248E5AXTK4AA8,51.42857143,1,4
T1-FF101,摺疊,GDT1P10250E0A10,GDT1P10250E0A10,60,1,1
T1-FF301,摺疊,GDT1P10250E0A10,GDT1P10250E0A10,60,1,1
T1-FF302,摺疊,GDT1P10250E0A10,GDT1P10250E0A10,60,1,1
T1-FF401,摺疊,GDT1P10250E0A10,GDT1P10250E0A10,60,1,1
T1-EC201,修邊,GDT1P10250E0A10,GDT1P10250E0A10,45,1,2
T1-EC301,修邊,GDT1P10250E0A10,GDT1P10250E0A10,45,1,2
T1-EC501,修邊,GDT1P10250E0A10,GDT1P10250E0A10,45,1,2
T1-LM101,端蓋,GDT1P10250E0A10,GDT1P10250E0A10,130.9090909,1,3
T1-LM901,端蓋,GDT1P10250E0A10,GDT1P10250E0A10,68.57142857,1,3
T1-LM902,端蓋,GDT1P10250E0A10,GDT1P10250E0A10,51.42857143,1,3
T1-LM401,端蓋,GDT1P10250E0A10,GDT1P10250E0A10,51.42857143,1,3
T1-VP201,真空,GDT1P10250E0A10,GDT1P10250E0A10,45,1,4
T1-VP202,真空,GDT1P10250E0A10,GDT1P10250E0A10,45,1,4
T1-VP102,真空,GDT1P10250E0A10,GDT1P10250E0A10,51.42857143,1,4
T1-VP103,真空,GDT1P10250E0A10,GDT1P10250E0A10,51.42857143,1,4
T1-FF101,摺疊,GDT1P10240X0A10,GDT1P10240X0A10,60,1,1
T1-FF301,摺疊,GDT1P10240X0A10,GDT1P10240X0A10,60,1,1
T1-FF302,摺疊,GDT1P10240X0A10,GDT1P10240X0A10,60,1,1
T1-FF401,摺疊,GDT1P10240X0A10,GDT1P10240X0A10,60,1,1
T1-EC201,修邊,GDT1P10240X0A10,GDT1P10240X0A10,45,1,2
T1-EC301,修邊,GDT1P10240X0A10,GDT1P10240X0A10,45,1,2
T1-EC501,修邊,GDT1P10240X0A10,GDT1P10240X0A10,45,1,2
T1-LM101,端蓋,GDT1P10240X0A10,GDT1P10240X0A10,130.9090909,1,3
T1-LM901,端蓋,GDT1P10240X0A10,GDT1P10240X0A10,68.57142857,1,3
T1-LM902,端蓋,GDT1P10240X0A10,GDT1P10240X0A10,51.42857143,1,3
T1-LM401,端蓋,GDT1P10240X0A10,GDT1P10240X0A10,51.42857143,1,3
T1-VP201,真空,GDT1P10240X0A10,GDT1P10240X0A10,45,1,4
T1-VP202,真空,GDT1P10240X0A10,GDT1P10240X0A10,45,1,4
T1-VP102,真空,GDT1P10240X0A10,GDT1P10240X0A10,51.42857143,1,4
T1-VP103,真空,GDT1P10240X0A10,GDT1P10240X0A10,51.42857143,1,4
T1-FF101,摺疊,GDT20P10248E5AA10,GDT20P10248E5AA10,60,1,1
T1-FF301,摺疊,GDT20P10248E5AA10,GDT20P10248E5AA10,60,1,1
T1-FF302,摺疊,GDT20P10248E5AA10,GDT20P10248E5AA10,60,1,1
T1-FF401,摺疊,GDT20P10248E5AA10,GDT20P10248E5AA10,60,1,1
T1-EC201,修邊,GDT20P10248E5AA10,GDT20P10248E5AA10,45,1,2
T1-EC301,修邊,GDT20P10248E5AA10,GDT20P10248E5AA10,45,1,2
T1-EC501,修邊,GDT20P10248E5AA10,GDT20P10248E5AA10,45,1,2
T1-LM101,端蓋,GDT20P10248E5AA10,GDT20P10248E5AA10,130.9090909,1,3
T1-LM901,端蓋,GDT20P10248E5AA10,GDT20P10248E5AA10,68.57142857,1,3
T1-LM902,端蓋,GDT20P10248E5AA10,GDT20P10248E5AA10,51.42857143,1,3
T1-LM401,端蓋,GDT20P10248E5AA10,GDT20P10248E5AA10,51.42857143,1,3
T1-VP201,真空,GDT20P10248E5AA10,GDT20P10248E5AA10,45,1,4
T1-VP202,真空,GDT20P10248E5AA10,GDT20P10248E5AA10,45,1,4
T1-VP102,真空,GDT20P10248E5AA10,GDT20P10248E5AA10,51.42857143,1,4
T1-VP103,真空,GDT20P10248E5AA10,GDT20P10248E5AA10,51.42857143,1,4
T1-FF101,摺疊,GDT20P10250E0A10,GDT20P10250E0A10,60,1,1
T1-FF301,摺疊,GDT20P10250E0A10,GDT20P10250E0A10,60,1,1
T1-FF302,摺疊,GDT20P10250E0A10,GDT20P10250E0A10,60,1,1
T1-FF401,摺疊,GDT20P10250E0A10,GDT20P10250E0A10,60,1,1
T1-EC201,修邊,GDT20P10250E0A10,GDT20P10250E0A10,45,1,2
T1-EC301,修邊,GDT20P10250E0A10,GDT20P10250E0A10,45,1,2
T1-EC501,修邊,GDT20P10250E0A10,GDT20P10250E0A10,45,1,2
T1-LM101,端蓋,GDT20P10250E0A10,GDT20P10250E0A10,130.9090909,1,3
T1-LM901,端蓋,GDT20P10250E0A10,GDT20P10250E0A10,68.57142857,1,3
T1-LM902,端蓋,GDT20P10250E0A10,GDT20P10250E0A10,51.42857143,1,3
T1-LM401,端蓋,GDT20P10250E0A10,GDT20P10250E0A10,51.42857143,1,3
T1-VP201,真空,GDT20P10250E0A10,GDT20P10250E0A10,45,1,4
T1-VP202,真空,GDT20P10250E0A10,GDT20P10250E0A10,45,1,4
T1-VP102,真空,GDT20P10250E0A10,GDT20P10250E0A10,51.42857143,1,4
T1-VP103,真空,GDT20P10250E0A10,GDT20P10250E0A10,51.42857143,1,4
T1-FF101,摺疊,GDT3P10248E5AAA4,GDT3P10248E5AAA4,60,1,1
T1-FF301,摺疊,GDT3P10248E5AAA4,GDT3P10248E5AAA4,60,1,1
T1-FF302,摺疊,GDT3P10248E5AAA4,GDT3P10248E5AAA4,60,1,1
T1-FF401,摺疊,GDT3P10248E5AAA4,GDT3P10248E5AAA4,60,1,1
T1-EC201,修邊,GDT3P10248E5AAA4,GDT3P10248E5AAA4,45,1,2
T1-EC301,修邊,GDT3P10248E5AAA4,GDT3P10248E5AAA4,45,1,2
T1-EC501,修邊,GDT3P10248E5AAA4,GDT3P10248E5AAA4,45,1,2
T1-LM101,端蓋,GDT3P10248E5AAA4,GDT3P10248E5AAA4,130.9090909,1,3
T1-LM901,端蓋,GDT3P10248E5AAA4,GDT3P10248E5AAA4,68.57142857,1,3
T1-LM902,端蓋,GDT3P10248E5AAA4,GDT3P10248E5AAA4,51.42857143,1,3
T1-LM401,端蓋,GDT3P10248E5AAA4,GDT3P10248E5AAA4,51.42857143,1,3
T1-VP201,真空,GDT3P10248E5AAA4,GDT3P10248E5AAA4,45,1,4
T1-VP202,真空,GDT3P10248E5AAA4,GDT3P10248E5AAA4,45,1,4
T1-VP102,真空,GDT3P10248E5AAA4,GDT3P10248E5AAA4,51.42857143,1,4
T1-VP103,真空,GDT3P10248E5AAA4,GDT3P10248E5AAA4,51.42857143,1,4
T1-FF101,摺疊,GDT3P10240W5AAA4,GDT3P10240W5AAA4,60,1,1
T1-FF301,摺疊,GDT3P10240W5AAA4,GDT3P10240W5AAA4,60,1,1
T1-FF302,摺疊,GDT3P10240W5AAA4,GDT3P10240W5AAA4,60,1,1
T1-FF401,摺疊,GDT3P10240W5AAA4,GDT3P10240W5AAA4,60,1,1
T1-EC201,修邊,GDT3P10240W5AAA4,GDT3P10240W5AAA4,45,1,2
T1-EC301,修邊,GDT3P10240W5AAA4,GDT3P10240W5AAA4,45,1,2
T1-EC501,修邊,GDT3P10240W5AAA4,GDT3P10240W5AAA4,45,1,2
T1-LM101,端蓋,GDT3P10240W5AAA4,GDT3P10240W5AAA4,130.9090909,1,3
T1-LM901,端蓋,GDT3P10240W5AAA4,GDT3P10240W5AAA4,68.57142857,1,3
T1-LM902,端蓋,GDT3P10240W5AAA4,GDT3P10240W5AAA4,51.42857143,1,3
T1-LM401,端蓋,GDT3P10240W5AAA4,GDT3P10240W5AAA4,51.42857143,1,3
T1-VP201,真空,GDT3P10240W5AAA4,GDT3P10240W5AAA4,45,1,4
T1-VP202,真空,GDT3P10240W5AAA4,GDT3P10240W5AAA4,45,1,4
T1-VP102,真空,GDT3P10240W5AAA4,GDT3P10240W5AAA4,51.42857143,1,4
T1-VP103,真空,GDT3P10240W5AAA4,GDT3P10240W5AAA4,51.42857143,1,4
T1-FF101,摺疊,GDT3P10248V5AAA4,GDT3P10248V5AAA4,60,1,1
T1-FF301,摺疊,GDT3P10248V5AAA4,GDT3P10248V5AAA4,60,1,1
T1-FF302,摺疊,GDT3P10248V5AAA4,GDT3P10248V5AAA4,60,1,1
T1-FF401,摺疊,GDT3P10248V5AAA4,GDT3P10248V5AAA4,60,1,1
T1-EC201,修邊,GDT3P10248V5AAA4,GDT3P10248V5AAA4,45,1,2
T1-EC301,修邊,GDT3P10248V5AAA4,GDT3P10248V5AAA4,45,1,2
T1-EC501,修邊,GDT3P10248V5AAA4,GDT3P10248V5AAA4,45,1,2
T1-LM101,端蓋,GDT3P10248V5AAA4,GDT3P10248V5AAA4,130.9090909,1,3
T1-LM901,端蓋,GDT3P10248V5AAA4,GDT3P10248V5AAA4,68.57142857,1,3
T1-LM902,端蓋,GDT3P10248V5AAA4,GDT3P10248V5AAA4,51.42857143,1,3
T1-LM401,端蓋,GDT3P10248V5AAA4,GDT3P10248V5AAA4,51.42857143,1,3
T1-VP201,真空,GDT3P10248V5AAA4,GDT3P10248V5AAA4,45,1,4
T1-VP202,真空,GDT3P10248V5AAA4,GDT3P10248V5AAA4,45,1,4
T1-VP102,真空,GDT3P10248V5AAA4,GDT3P10248V5AAA4,51.42857143,1,4
T1-VP103,真空,GDT3P10248V5AAA4,GDT3P10248V5AAA4,51.42857143,1,4
T1-FF101,摺疊,GDT5P10248E5AAA6,GDT5P10248E5AAA6,60,1,1
T1-FF301,摺疊,GDT5P10248E5AAA6,GDT5P10248E5AAA6,60,1,1
T1-FF302,摺疊,GDT5P10248E5AAA6,GDT5P10248E5AAA6,60,1,1
T1-FF401,摺疊,GDT5P10248E5AAA6,GDT5P10248E5AAA6,60,1,1
T1-FF101,摺疊,GDT5P10248E5AA17,GDT5P10248E5AA17,60,1,1
T1-FF301,摺疊,GDT5P10248E5AA17,GDT5P10248E5AA17,60,1,1
T1-FF302,摺疊,GDT5P10248E5AA17,GDT5P10248E5AA17,60,1,1
T1-FF401,摺疊,GDT5P10248E5AA17,GDT5P10248E5AA17,60,1,1
T1-EC201,修邊,GDT5P10248E5AAA6,GDT5P10248E5AAA6,45,1,2
T1-EC301,修邊,GDT5P10248E5AAA6,GDT5P10248E5AAA6,45,1,2
T1-EC501,修邊,GDT5P10248E5AAA6,GDT5P10248E5AAA6,45,1,2
T1-EC201,修邊,GDT5P10248E5AA17,GDT5P10248E5AA17,45,1,2
T1-EC301,修邊,GDT5P10248E5AA17,GDT5P10248E5AA17,45,1,2
T1-EC501,修邊,GDT5P10248E5AA17,GDT5P10248E5AA17,45,1,2
T1-LM101,端蓋,GDT5P10248E5AAA6,GDT5P10248E5AAA6,130.9090909,1,3
T1-LM901,端蓋,GDT5P10248E5AAA6,GDT5P10248E5AAA6,68.57142857,1,3
T1-LM902,端蓋,GDT5P10248E5AAA6,GDT5P10248E5AAA6,51.42857143,1,3
T1-LM401,端蓋,GDT5P10248E5AAA6,GDT5P10248E5AAA6,51.42857143,1,3
T1-LM101,端蓋,GDT5P10248E5AA17,GDT5P10248E5AA17,130.9090909,1,3
T1-LM901,端蓋,GDT5P10248E5AA17,GDT5P10248E5AA17,68.57142857,1,3
T1-LM902,端蓋,GDT5P10248E5AA17,GDT5P10248E5AA17,51.42857143,1,3
T1-LM401,端蓋,GDT5P10248E5AA17,GDT5P10248E5AA17,51.42857143,1,3
T1-VP201,真空,GDT5P10248E5AAA6,GDT5P10248E5AAA6,45,1,4
T1-VP202,真空,GDT5P10248E5AAA6,GDT5P10248E5AAA6,45,1,4
T1-VP102,真空,GDT5P10248E5AAA6,GDT5P10248E5AAA6,51.42857143,1,4
T1-VP103,真空,GDT5P10248E5AAA6,GDT5P10248E5AAA6,51.42857143,1,4
T1-VP201,真空,GDT5P10248E5AA17,GDT5P10248E5AA17,45,1,4
T1-VP202,真空,GDT5P10248E5AA17,GDT5P10248E5AA17,45,1,4
T1-VP102,真空,GDT5P10248E5AA17,GDT5P10248E5AA17,51.42857143,1,4
T1-VP103,真空,GDT5P10248E5AA17,GDT5P10248E5AA17,51.42857143,1,4
T1-FF101,摺疊,GD5P10248V5AK4K4AA6,GD5P10248V5AK4K4AA6,60,1,1
T1-FF301,摺疊,GD5P10248V5AK4K4AA6,GD5P10248V5AK4K4AA6,60,1,1
T1-FF302,摺疊,GD5P10248V5AK4K4AA6,GD5P10248V5AK4K4AA6,60,1,1
T1-FF401,摺疊,GD5P10248V5AK4K4AA6,GD5P10248V5AK4K4AA6,60,1,1
T1-EC201,修邊,GD5P10248V5AK4K4AA6,GD5P10248V5AK4K4AA6,45,1,2
T1-EC301,修邊,GD5P10248V5AK4K4AA6,GD5P10248V5AK4K4AA6,45,1,2
T1-EC501,修邊,GD5P10248V5AK4K4AA6,GD5P10248V5AK4K4AA6,45,1,2
T1-LM101,端蓋,GD5P10248V5AK4K4AA6,GD5P10248V5AK4K4AA6,130.9090909,1,3
T1-LM901,端蓋,GD5P10248V5AK4K4AA6,GD5P10248V5AK4K4AA6,68.57142857,1,3
T1-LM902,端蓋,GD5P10248V5AK4K4AA6,GD5P10248V5AK4K4AA6,51.42857143,1,3
T1-LM401,端蓋,GD5P10248V5AK4K4AA6,GD5P10248V5AK4K4AA6,51.42857143,1,3
T1-VP201,真空,GD5P10248V5AK4K4AA6,GD5P10248V5AK4K4AA6,45,1,4
T1-VP202,真空,GD5P10248V5AK4K4AA6,GD5P10248V5AK4K4AA6,45,1,4
T1-VP102,真空,GD5P10248V5AK4K4AA6,GD5P10248V5AK4K4AA6,51.42857143,1,4
T1-VP103,真空,GD5P10248V5AK4K4AA6,GD5P10248V5AK4K4AA6,51.42857143,1,4
T1-FF101,摺疊,GDT5P10250E0AA6,GDT5P10250E0AA6,60,1,1
T1-FF301,摺疊,GDT5P10250E0AA6,GDT5P10250E0AA6,60,1,1
T1-FF302,摺疊,GDT5P10250E0AA6,GDT5P10250E0AA6,60,1,1
T1-FF401,摺疊,GDT5P10250E0AA6,GDT5P10250E0AA6,60,1,1
T1-EC201,修邊,GDT5P10250E0AA6,GDT5P10250E0AA6,45,1,2
T1-EC301,修邊,GDT5P10250E0AA6,GDT5P10250E0AA6,45,1,2
T1-EC501,修邊,GDT5P10250E0AA6,GDT5P10250E0AA6,45,1,2
T1-LM101,端蓋,GDT5P10250E0AA6,GDT5P10250E0AA6,130.9090909,1,3
T1-LM901,端蓋,GDT5P10250E0AA6,GDT5P10250E0AA6,68.57142857,1,3
T1-LM902,端蓋,GDT5P10250E0AA6,GDT5P10250E0AA6,51.42857143,1,3
T1-LM401,端蓋,GDT5P10250E0AA6,GDT5P10250E0AA6,51.42857143,1,3
T1-VP201,真空,GDT5P10250E0AA6,GDT5P10250E0AA6,45,1,4
T1-VP202,真空,GDT5P10250E0AA6,GDT5P10250E0AA6,45,1,4
T1-VP102,真空,GDT5P10250E0AA6,GDT5P10250E0AA6,51.42857143,1,4
T1-VP103,真空,GDT5P10250E0AA6,GDT5P10250E0AA6,51.42857143,1,4
T1-FF101,摺疊,GDT05P10248E5AAA6,GDT05P10248E5AAA6,60,1,1
T1-FF301,摺疊,GDT05P10248E5AAA6,GDT05P10248E5AAA6,60,1,1
T1-FF302,摺疊,GDT05P10248E5AAA6,GDT05P10248E5AAA6,60,1,1
T1-FF401,摺疊,GDT05P10248E5AAA6,GDT05P10248E5AAA6,60,1,1
T1-EC201,修邊,GDT05P10248E5AAA6,GDT05P10248E5AAA6,45,1,2
T1-EC301,修邊,GDT05P10248E5AAA6,GDT05P10248E5AAA6,45,1,2
T1-EC501,修邊,GDT05P10248E5AAA6,GDT05P10248E5AAA6,45,1,2
T1-LM101,端蓋,GDT05P10248E5AAA6,GDT05P10248E5AAA6,130.9090909,1,3
T1-LM901,端蓋,GDT05P10248E5AAA6,GDT05P10248E5AAA6,68.57142857,1,3
T1-LM902,端蓋,GDT05P10248E5AAA6,GDT05P10248E5AAA6,51.42857143,1,3
T1-LM401,端蓋,GDT05P10248E5AAA6,GDT05P10248E5AAA6,51.42857143,1,3
T1-VP201,真空,GDT05P10248E5AAA6,GDT05P10248E5AAA6,45,1,4
T1-VP202,真空,GDT05P10248E5AAA6,GDT05P10248E5AAA6,45,1,4
T1-VP102,真空,GDT05P10248E5AAA6,GDT05P10248E5AAA6,51.42857143,1,4
T1-VP103,真空,GDT05P10248E5AAA6,GDT05P10248E5AAA6,51.42857143,1,4
T1-FF101,摺疊,GDT1P20500E0A10,GDT1P20500E0A10,60,1,1
T1-FF301,摺疊,GDT1P20500E0A10,GDT1P20500E0A10,60,1,1
T1-FF302,摺疊,GDT1P20500E0A10,GDT1P20500E0A10,60,1,1
T1-FF401,摺疊,GDT1P20500E0A10,GDT1P20500E0A10,60,1,1
T1-EC201,修邊,GDT1P20500E0A10,GDT1P20500E0A10,45,1,2
T1-EC301,修邊,GDT1P20500E0A10,GDT1P20500E0A10,45,1,2
T1-EC501,修邊,GDT1P20500E0A10,GDT1P20500E0A10,45,1,2
T1-LM101,端蓋,GDT1P20500E0A10,GDT1P20500E0A10,130.9090909,1,3
T1-LM901,端蓋,GDT1P20500E0A10,GDT1P20500E0A10,68.57142857,1,3
T1-LM902,端蓋,GDT1P20500E0A10,GDT1P20500E0A10,51.42857143,1,3
T1-LM401,端蓋,GDT1P20500E0A10,GDT1P20500E0A10,51.42857143,1,3
T1-JM101,接長,GDT1P20500E0A10,GDT1P20500E0A10,32.72727273,1,4
T1-JM402,接長,GDT1P20500E0A10,GDT1P20500E0A10,36,1,4
T1-VP201,真空,GDT1P20500E0A10,GDT1P20500E0A10,51.42857143,1,5
T1-VP202,真空,GDT1P20500E0A10,GDT1P20500E0A10,51.42857143,1,5
T1-VP102,真空,GDT1P20500E0A10,GDT1P20500E0A10,51.42857143,1,5
T1-VP103,真空,GDT1P20500E0A10,GDT1P20500E0A10,51.42857143,1,5
T1-FF101,摺疊,GDMT05P20508E0WLAA6,GDMT05P20508E0WLAA6,60,1,1
T1-FF301,摺疊,GDMT05P20508E0WLAA6,GDMT05P20508E0WLAA6,60,1,1
T1-FF302,摺疊,GDMT05P20508E0WLAA6,GDMT05P20508E0WLAA6,60,1,1
T1-FF401,摺疊,GDMT05P20508E0WLAA6,GDMT05P20508E0WLAA6,60,1,1
T1-EC201,修邊,GDMT05P20508E0WLAA6,GDMT05P20508E0WLAA6,45,1,2
T1-EC301,修邊,GDMT05P20508E0WLAA6,GDMT05P20508E0WLAA6,45,1,2
T1-EC501,修邊,GDMT05P20508E0WLAA6,GDMT05P20508E0WLAA6,45,1,2
T1-LM101,端蓋,GDMT05P20508E0WLAA6,GDMT05P20508E0WLAA6,130.9090909,1,3
T1-LM901,端蓋,GDMT05P20508E0WLAA6,GDMT05P20508E0WLAA6,68.57142857,1,3
T1-LM902,端蓋,GDMT05P20508E0WLAA6,GDMT05P20508E0WLAA6,51.42857143,1,3
T1-LM201,端蓋,GDMT05P20508E0WLAA6,GDMT05P20508E0WLAA6,51.42857143,1,3
T1-JM101,接長,GDMT05P20508E0WLAA6,GDMT05P20508E0WLAA6,32.72727273,1,4
T1-JM402,接長,GDMT05P20508E0WLAA6,GDMT05P20508E0WLAA6,36,1,4
T1-VP201,真空,GDMT05P20508E0WLAA6,GDMT05P20508E0WLAA6,51.42857143,1,5
T1-VP202,真空,GDMT05P20508E0WLAA6,GDMT05P20508E0WLAA6,51.42857143,1,5
T1-VP102,真空,GDMT05P20508E0WLAA6,GDMT05P20508E0WLAA6,51.42857143,1,5
T1-VP103,真空,GDMT05P20508E0WLAA6,GDMT05P20508E0WLAA6,51.42857143,1,5
T1-FF101,摺疊,GDMT10J1J05P20508E0HAAA,GDMT10J1J05P20508E0HAAA,60,1,1
T1-FF301,摺疊,GDMT10J1J05P20508E0HAAA,GDMT10J1J05P20508E0HAAA,60,1,1
T1-FF302,摺疊,GDMT10J1J05P20508E0HAAA,GDMT10J1J05P20508E0HAAA,60,1,1
T1-FF401,摺疊,GDMT10J1J05P20508E0HAAA,GDMT10J1J05P20508E0HAAA,60,1,1
T1-EC201,修邊,GDMT10J1J05P20508E0HAAA,GDMT10J1J05P20508E0HAAA,45,1,2
T1-EC301,修邊,GDMT10J1J05P20508E0HAAA,GDMT10J1J05P20508E0HAAA,45,1,2
T1-EC501,修邊,GDMT10J1J05P20508E0HAAA,GDMT10J1J05P20508E0HAAA,45,1,2
T1-LM101,端蓋,GDMT10J1J05P20508E0HAAA,GDMT10J1J05P20508E0HAAA,130.9090909,1,3
T1-LM901,端蓋,GDMT10J1J05P20508E0HAAA,GDMT10J1J05P20508E0HAAA,68.57142857,1,3
T1-LM902,端蓋,GDMT10J1J05P20508E0HAAA,GDMT10J1J05P20508E0HAAA,51.42857143,1,3
T1-LM201,端蓋,GDMT10J1J05P20508E0HAAA,GDMT10J1J05P20508E0HAAA,51.42857143,1,3
T1-JM101,接長,GDMT10J1J05P20508E0HAAA,GDMT10J1J05P20508E0HAAA,32.72727273,1,4
T1-JM402,接長,GDMT10J1J05P20508E0HAAA,GDMT10J1J05P20508E0HAAA,36,1,4
T1-VP201,真空,GDMT10J1J05P20508E0HAAA,GDMT10J1J05P20508E0HAAA,51.42857143,1,5
T1-VP202,真空,GDMT10J1J05P20508E0HAAA,GDMT10J1J05P20508E0HAAA,51.42857143,1,5
T1-VP102,真空,GDMT10J1J05P20508E0HAAA,GDMT10J1J05P20508E0HAAA,51.42857143,1,5
T1-VP103,真空,GDMT10J1J05P20508E0HAAA,GDMT10J1J05P20508E0HAAA,51.42857143,1,5
T1-FF101,摺疊,GDMT1P20508E0A18,GDMT1P20508E0A18,60,1,1
T1-FF301,摺疊,GDMT1P20508E0A18,GDMT1P20508E0A18,60,1,1
T1-FF302,摺疊,GDMT1P20508E0A18,GDMT1P20508E0A18,60,1,1
T1-FF401,摺疊,GDMT1P20508E0A18,GDMT1P20508E0A18,60,1,1
T1-EC201,修邊,GDMT1P20508E0A18,GDMT1P20508E0A18,45,1,2
T1-EC301,修邊,GDMT1P20508E0A18,GDMT1P20508E0A18,45,1,2
T1-EC501,修邊,GDMT1P20508E0A18,GDMT1P20508E0A18,45,1,2
T1-LM101,端蓋,GDMT1P20508E0A18,GDMT1P20508E0A18,130.9090909,1,3
T1-LM901,端蓋,GDMT1P20508E0A18,GDMT1P20508E0A18,68.57142857,1,3
T1-LM902,端蓋,GDMT1P20508E0A18,GDMT1P20508E0A18,51.42857143,1,3
T1-LM201,端蓋,GDMT1P20508E0A18,GDMT1P20508E0A18,51.42857143,1,3
T1-JM101,接長,GDMT1P20508E0A18,GDMT1P20508E0A18,32.72727273,1,4
T1-JM402,接長,GDMT1P20508E0A18,GDMT1P20508E0A18,36,1,4
T1-VP201,真空,GDMT1P20508E0A18,GDMT1P20508E0A18,51.42857143,1,5
T1-VP202,真空,GDMT1P20508E0A18,GDMT1P20508E0A18,51.42857143,1,5
T1-VP102,真空,GDMT1P20508E0A18,GDMT1P20508E0A18,51.42857143,1,5
T1-VP103,真空,GDMT1P20508E0A18,GDMT1P20508E0A18,51.42857143,1,5
T1-FF101,摺疊,GDT01P20508E0AA5,GDT01P20508E0AA5,60,1,1
T1-FF301,摺疊,GDT01P20508E0AA5,GDT01P20508E0AA5,60,1,1
T1-FF302,摺疊,GDT01P20508E0AA5,GDT01P20508E0AA5,60,1,1
T1-FF401,摺疊,GDT01P20508E0AA5,GDT01P20508E0AA5,60,1,1
T1-EC201,修邊,GDT01P20508E0AA5,GDT01P20508E0AA5,45,1,2
T1-EC301,修邊,GDT01P20508E0AA5,GDT01P20508E0AA5,45,1,2
T1-EC501,修邊,GDT01P20508E0AA5,GDT01P20508E0AA5,45,1,2
T1-LM101,端蓋,GDT01P20508E0AA5,GDT01P20508E0AA5,130.9090909,1,3
T1-LM901,端蓋,GDT01P20508E0AA5,GDT01P20508E0AA5,68.57142857,1,3
T1-LM902,端蓋,GDT01P20508E0AA5,GDT01P20508E0AA5,51.42857143,1,3
T1-LM401,端蓋,GDT01P20508E0AA5,GDT01P20508E0AA5,51.42857143,1,3
T1-JM101,接長,GDT01P20508E0AA5,GDT01P20508E0AA5,32.72727273,1,4
T1-JM402,接長,GDT01P20508E0AA5,GDT01P20508E0AA5,36,1,4
T1-VP201,真空,GDT01P20508E0AA5,GDT01P20508E0AA5,51.42857143,1,5
T1-VP202,真空,GDT01P20508E0AA5,GDT01P20508E0AA5,51.42857143,1,5
T1-VP102,真空,GDT01P20508E0AA5,GDT01P20508E0AA5,51.42857143,1,5
T1-VP103,真空,GDT01P20508E0AA5,GDT01P20508E0AA5,51.42857143,1,5
T1-FF101,摺疊,GDT01P20508E0XTK4AA5,GDT01P20508E0XTK4AA5,60,1,1
T1-FF301,摺疊,GDT01P20508E0XTK4AA5,GDT01P20508E0XTK4AA5,60,1,1
T1-FF302,摺疊,GDT01P20508E0XTK4AA5,GDT01P20508E0XTK4AA5,60,1,1
T1-FF401,摺疊,GDT01P20508E0XTK4AA5,GDT01P20508E0XTK4AA5,60,1,1
T1-EC201,修邊,GDT01P20508E0XTK4AA5,GDT01P20508E0XTK4AA5,45,1,2
T1-EC301,修邊,GDT01P20508E0XTK4AA5,GDT01P20508E0XTK4AA5,45,1,2
T1-EC501,修邊,GDT01P20508E0XTK4AA5,GDT01P20508E0XTK4AA5,45,1,2
T1-LM101,端蓋,GDT01P20508E0XTK4AA5,GDT01P20508E0XTK4AA5,130.9090909,1,3
T1-LM901,端蓋,GDT01P20508E0XTK4AA5,GDT01P20508E0XTK4AA5,68.57142857,1,3
T1-LM902,端蓋,GDT01P20508E0XTK4AA5,GDT01P20508E0XTK4AA5,51.42857143,1,3
T1-LM401,端蓋,GDT01P20508E0XTK4AA5,GDT01P20508E0XTK4AA5,51.42857143,1,3
T1-JM101,接長,GDT01P20508E0XTK4AA5,GDT01P20508E0XTK4AA5,32.72727273,1,4
T1-JM402,接長,GDT01P20508E0XTK4AA5,GDT01P20508E0XTK4AA5,36,1,4
T1-VP201,真空,GDT01P20508E0XTK4AA5,GDT01P20508E0XTK4AA5,51.42857143,1,5
T1-VP202,真空,GDT01P20508E0XTK4AA5,GDT01P20508E0XTK4AA5,51.42857143,1,5
T1-VP102,真空,GDT01P20508E0XTK4AA5,GDT01P20508E0XTK4AA5,51.42857143,1,5
T1-VP103,真空,GDT01P20508E0XTK4AA5,GDT01P20508E0XTK4AA5,51.42857143,1,5
T1-FF101,摺疊,GDT02P20508E0AA2,GDT02P20508E0AA2,60,1,1
T1-FF301,摺疊,GDT02P20508E0AA2,GDT02P20508E0AA2,60,1,1
T1-FF302,摺疊,GDT02P20508E0AA2,GDT02P20508E0AA2,60,1,1
T1-FF401,摺疊,GDT02P20508E0AA2,GDT02P20508E0AA2,60,1,1
T1-FF101,摺疊,GDT02P20500E0AA7,GDT02P20500E0AA7,60,1,1
T1-FF301,摺疊,GDT02P20500E0AA7,GDT02P20500E0AA7,60,1,1
T1-FF302,摺疊,GDT02P20500E0AA7,GDT02P20500E0AA7,60,1,1
T1-FF401,摺疊,GDT02P20500E0AA7,GDT02P20500E0AA7,60,1,1
T1-EC201,修邊,GDT02P20508E0AA2,GDT02P20508E0AA2,45,1,2
T1-EC301,修邊,GDT02P20508E0AA2,GDT02P20508E0AA2,45,1,2
T1-EC501,修邊,GDT02P20508E0AA2,GDT02P20508E0AA2,45,1,2
T1-EC201,修邊,GDT02P20500E0AA7,GDT02P20500E0AA7,45,1,2
T1-EC301,修邊,GDT02P20500E0AA7,GDT02P20500E0AA7,45,1,2
T1-EC501,修邊,GDT02P20500E0AA7,GDT02P20500E0AA7,45,1,2
T1-LM101,端蓋,GDT02P20508E0AA2,GDT02P20508E0AA2,130.9090909,1,3
T1-LM901,端蓋,GDT02P20508E0AA2,GDT02P20508E0AA2,68.57142857,1,3
T1-LM902,端蓋,GDT02P20508E0AA2,GDT02P20508E0AA2,51.42857143,1,3
T1-LM401,端蓋,GDT02P20508E0AA2,GDT02P20508E0AA2,51.42857143,1,3
T1-LM101,端蓋,GDT02P20500E0AA7,GDT02P20500E0AA7,130.9090909,1,3
T1-LM901,端蓋,GDT02P20500E0AA7,GDT02P20500E0AA7,68.57142857,1,3
T1-LM902,端蓋,GDT02P20500E0AA7,GDT02P20500E0AA7,51.42857143,1,3
T1-LM401,端蓋,GDT02P20500E0AA7,GDT02P20500E0AA7,51.42857143,1,3
T1-JM101,接長,GDT02P20508E0AA2,GDT02P20508E0AA2,32.72727273,1,4
T1-JM402,接長,GDT02P20508E0AA2,GDT02P20508E0AA2,36,1,4
T1-JM101,接長,GDT02P20500E0AA7,GDT02P20500E0AA7,32.72727273,1,4
T1-JM402,接長,GDT02P20500E0AA7,GDT02P20500E0AA7,36,1,4
T1-VP201,真空,GDT02P20508E0AA2,GDT02P20508E0AA2,51.42857143,1,5
T1-VP202,真空,GDT02P20508E0AA2,GDT02P20508E0AA2,51.42857143,1,5
T1-VP102,真空,GDT02P20508E0AA2,GDT02P20508E0AA2,51.42857143,1,5
T1-VP103,真空,GDT02P20508E0AA2,GDT02P20508E0AA2,51.42857143,1,5
T1-VP201,真空,GDT02P20500E0AA7,GDT02P20500E0AA7,51.42857143,1,5
T1-VP202,真空,GDT02P20500E0AA7,GDT02P20500E0AA7,51.42857143,1,5
T1-VP102,真空,GDT02P20500E0AA7,GDT02P20500E0AA7,51.42857143,1,5
T1-VP103,真空,GDT02P20500E0AA7,GDT02P20500E0AA7,51.42857143,1,5
T1-FF101,摺疊,GDT02P20508V0AA2,GDT02P20508V0AA2,60,1,1
T1-FF301,摺疊,GDT02P20508V0AA2,GDT02P20508V0AA2,60,1,1
T1-FF302,摺疊,GDT02P20508V0AA2,GDT02P20508V0AA2,60,1,1
T1-FF401,摺疊,GDT02P20508V0AA2,GDT02P20508V0AA2,60,1,1
T1-EC201,修邊,GDT02P20508V0AA2,GDT02P20508V0AA2,45,1,2
T1-EC301,修邊,GDT02P20508V0AA2,GDT02P20508V0AA2,45,1,2
T1-EC501,修邊,GDT02P20508V0AA2,GDT02P20508V0AA2,45,1,2
T1-LM101,端蓋,GDT02P20508V0AA2,GDT02P20508V0AA2,130.9090909,1,3
T1-LM901,端蓋,GDT02P20508V0AA2,GDT02P20508V0AA2,68.57142857,1,3
T1-LM902,端蓋,GDT02P20508V0AA2,GDT02P20508V0AA2,51.42857143,1,3
T1-LM401,端蓋,GDT02P20508V0AA2,GDT02P20508V0AA2,51.42857143,1,3
T1-JM101,接長,GDT02P20508V0AA2,GDT02P20508V0AA2,32.72727273,1,4
T1-JM402,接長,GDT02P20508V0AA2,GDT02P20508V0AA2,36,1,4
T1-VP201,真空,GDT02P20508V0AA2,GDT02P20508V0AA2,51.42857143,1,5
T1-VP202,真空,GDT02P20508V0AA2,GDT02P20508V0AA2,51.42857143,1,5
T1-VP102,真空,GDT02P20508V0AA2,GDT02P20508V0AA2,51.42857143,1,5
T1-VP103,真空,GDT02P20508V0AA2,GDT02P20508V0AA2,51.42857143,1,5
T1-FF101,摺疊,GDT05P20498E5AAA6,GDT05P20498E5AAA6,60,1,1
T1-FF301,摺疊,GDT05P20498E5AAA6,GDT05P20498E5AAA6,60,1,1
T1-FF302,摺疊,GDT05P20498E5AAA6,GDT05P20498E5AAA6,60,1,1
T1-FF401,摺疊,GDT05P20498E5AAA6,GDT05P20498E5AAA6,60,1,1
T1-EC201,修邊,GDT05P20498E5AAA6,GDT05P20498E5AAA6,45,1,2
T1-EC301,修邊,GDT05P20498E5AAA6,GDT05P20498E5AAA6,45,1,2
T1-EC501,修邊,GDT05P20498E5AAA6,GDT05P20498E5AAA6,45,1,2
T1-LM101,端蓋,GDT05P20498E5AAA6,GDT05P20498E5AAA6,130.9090909,1,3
T1-LM901,端蓋,GDT05P20498E5AAA6,GDT05P20498E5AAA6,68.57142857,1,3
T1-LM902,端蓋,GDT05P20498E5AAA6,GDT05P20498E5AAA6,51.42857143,1,3
T1-LM401,端蓋,GDT05P20498E5AAA6,GDT05P20498E5AAA6,51.42857143,1,3
T1-JM101,接長,GDT05P20498E5AAA6,GDT05P20498E5AAA6,32.72727273,1,4
T1-JM402,接長,GDT05P20498E5AAA6,GDT05P20498E5AAA6,36,1,4
T1-VP201,真空,GDT05P20498E5AAA6,GDT05P20498E5AAA6,51.42857143,1,5
T1-VP202,真空,GDT05P20498E5AAA6,GDT05P20498E5AAA6,51.42857143,1,5
T1-VP102,真空,GDT05P20498E5AAA6,GDT05P20498E5AAA6,51.42857143,1,5
T1-VP103,真空,GDT05P20498E5AAA6,GDT05P20498E5AAA6,51.42857143,1,5
T1-FF101,摺疊,GDT05P20508E0AA6,GDT05P20508E0AA6,60,1,1
T1-FF301,摺疊,GDT05P20508E0AA6,GDT05P20508E0AA6,60,1,1
T1-FF302,摺疊,GDT05P20508E0AA6,GDT05P20508E0AA6,60,1,1
T1-FF401,摺疊,GDT05P20508E0AA6,GDT05P20508E0AA6,60,1,1
T1-FF101,摺疊,GDT05P20500E0AA6,GDT05P20500E0AA6,60,1,1
T1-FF301,摺疊,GDT05P20500E0AA6,GDT05P20500E0AA6,60,1,1
T1-FF302,摺疊,GDT05P20500E0AA6,GDT05P20500E0AA6,60,1,1
T1-FF401,摺疊,GDT05P20500E0AA6,GDT05P20500E0AA6,60,1,1
T1-EC201,修邊,GDT05P20508E0AA6,GDT05P20508E0AA6,45,1,2
T1-EC301,修邊,GDT05P20508E0AA6,GDT05P20508E0AA6,45,1,2
T1-EC501,修邊,GDT05P20508E0AA6,GDT05P20508E0AA6,45,1,2
T1-EC201,修邊,GDT05P20500E0AA6,GDT05P20500E0AA6,45,1,2
T1-EC301,修邊,GDT05P20500E0AA6,GDT05P20500E0AA6,45,1,2
T1-EC501,修邊,GDT05P20500E0AA6,GDT05P20500E0AA6,45,1,2
T1-LM101,端蓋,GDT05P20508E0AA6,GDT05P20508E0AA6,130.9090909,1,3
T1-LM901,端蓋,GDT05P20508E0AA6,GDT05P20508E0AA6,68.57142857,1,3
T1-LM902,端蓋,GDT05P20508E0AA6,GDT05P20508E0AA6,51.42857143,1,3
T1-LM401,端蓋,GDT05P20508E0AA6,GDT05P20508E0AA6,51.42857143,1,3
T1-LM101,端蓋,GDT05P20500E0AA6,GDT05P20500E0AA6,130.9090909,1,3
T1-LM901,端蓋,GDT05P20500E0AA6,GDT05P20500E0AA6,68.57142857,1,3
T1-LM902,端蓋,GDT05P20500E0AA6,GDT05P20500E0AA6,51.42857143,1,3
T1-LM401,端蓋,GDT05P20500E0AA6,GDT05P20500E0AA6,51.42857143,1,3
T1-JM101,接長,GDT05P20508E0AA6,GDT05P20508E0AA6,32.72727273,1,4
T1-JM402,接長,GDT05P20508E0AA6,GDT05P20508E0AA6,36,1,4
T1-JM101,接長,GDT05P20500E0AA6,GDT05P20500E0AA6,32.72727273,1,4
T1-JM402,接長,GDT05P20500E0AA6,GDT05P20500E0AA6,36,1,4
T1-VP201,真空,GDT05P20508E0AA6,GDT05P20508E0AA6,51.42857143,1,5
T1-VP202,真空,GDT05P20508E0AA6,GDT05P20508E0AA6,51.42857143,1,5
T1-VP102,真空,GDT05P20508E0AA6,GDT05P20508E0AA6,51.42857143,1,5
T1-VP103,真空,GDT05P20508E0AA6,GDT05P20508E0AA6,51.42857143,1,5
T1-VP201,真空,GDT05P20500E0AA6,GDT05P20500E0AA6,51.42857143,1,5
T1-VP202,真空,GDT05P20500E0AA6,GDT05P20500E0AA6,51.42857143,1,5
T1-VP102,真空,GDT05P20500E0AA6,GDT05P20500E0AA6,51.42857143,1,5
T1-VP103,真空,GDT05P20500E0AA6,GDT05P20500E0AA6,51.42857143,1,5
T1-FF101,摺疊,GDT1P20498E5AA10,GDT1P20498E5AA10,60,1,1
T1-FF301,摺疊,GDT1P20498E5AA10,GDT1P20498E5AA10,60,1,1
T1-FF302,摺疊,GDT1P20498E5AA10,GDT1P20498E5AA10,60,1,1
T1-FF401,摺疊,GDT1P20498E5AA10,GDT1P20498E5AA10,60,1,1
T1-EC201,修邊,GDT1P20498E5AA10,GDT1P20498E5AA10,45,1,2
T1-EC301,修邊,GDT1P20498E5AA10,GDT1P20498E5AA10,45,1,2
T1-EC501,修邊,GDT1P20498E5AA10,GDT1P20498E5AA10,45,1,2
T1-LM101,端蓋,GDT1P20498E5AA10,GDT1P20498E5AA10,130.9090909,1,3
T1-LM901,端蓋,GDT1P20498E5AA10,GDT1P20498E5AA10,68.57142857,1,3
T1-LM902,端蓋,GDT1P20498E5AA10,GDT1P20498E5AA10,51.42857143,1,3
T1-LM401,端蓋,GDT1P20498E5AA10,GDT1P20498E5AA10,51.42857143,1,3
T1-JM101,接長,GDT1P20498E5AA10,GDT1P20498E5AA10,32.72727273,1,4
T1-JM402,接長,GDT1P20498E5AA10,GDT1P20498E5AA10,36,1,4
T1-VP201,真空,GDT1P20498E5AA10,GDT1P20498E5AA10,51.42857143,1,5
T1-VP202,真空,GDT1P20498E5AA10,GDT1P20498E5AA10,51.42857143,1,5
T1-VP102,真空,GDT1P20498E5AA10,GDT1P20498E5AA10,51.42857143,1,5
T1-VP103,真空,GDT1P20498E5AA10,GDT1P20498E5AA10,51.42857143,1,5
T1-FF101,摺疊,GDT3P20498E9AA4,GDT3P20498E9AA4,60,1,1
T1-FF301,摺疊,GDT3P20498E9AA4,GDT3P20498E9AA4,60,1,1
T1-FF302,摺疊,GDT3P20498E9AA4,GDT3P20498E9AA4,60,1,1
T1-FF401,摺疊,GDT3P20498E9AA4,GDT3P20498E9AA4,60,1,1
T1-EC201,修邊,GDT3P20498E9AA4,GDT3P20498E9AA4,45,1,2
T1-EC301,修邊,GDT3P20498E9AA4,GDT3P20498E9AA4,45,1,2
T1-EC501,修邊,GDT3P20498E9AA4,GDT3P20498E9AA4,45,1,2
T1-LM101,端蓋,GDT3P20498E9AA4,GDT3P20498E9AA4,130.9090909,1,3
T1-LM901,端蓋,GDT3P20498E9AA4,GDT3P20498E9AA4,68.57142857,1,3
T1-LM902,端蓋,GDT3P20498E9AA4,GDT3P20498E9AA4,51.42857143,1,3
T1-LM401,端蓋,GDT3P20498E9AA4,GDT3P20498E9AA4,51.42857143,1,3
T1-JM101,接長,GDT3P20498E9AA4,GDT3P20498E9AA4,32.72727273,1,4
T1-JM402,接長,GDT3P20498E9AA4,GDT3P20498E9AA4,36,1,4
T1-VP201,真空,GDT3P20498E9AA4,GDT3P20498E9AA4,51.42857143,1,5
T1-VP202,真空,GDT3P20498E9AA4,GDT3P20498E9AA4,51.42857143,1,5
T1-VP102,真空,GDT3P20498E9AA4,GDT3P20498E9AA4,51.42857143,1,5
T1-VP103,真空,GDT3P20498E9AA4,GDT3P20498E9AA4,51.42857143,1,5
T1-FF101,摺疊,GDT5P20508E0XTK4P10AA6,GDT5P20508E0XTK4P10AA6,60,1,1
T1-FF301,摺疊,GDT5P20508E0XTK4P10AA6,GDT5P20508E0XTK4P10AA6,60,1,1
T1-FF302,摺疊,GDT5P20508E0XTK4P10AA6,GDT5P20508E0XTK4P10AA6,60,1,1
T1-FF401,摺疊,GDT5P20508E0XTK4P10AA6,GDT5P20508E0XTK4P10AA6,60,1,1
T1-EC201,修邊,GDT5P20508E0XTK4P10AA6,GDT5P20508E0XTK4P10AA6,45,1,2
T1-EC301,修邊,GDT5P20508E0XTK4P10AA6,GDT5P20508E0XTK4P10AA6,45,1,2
T1-EC501,修邊,GDT5P20508E0XTK4P10AA6,GDT5P20508E0XTK4P10AA6,45,1,2
T1-LM101,端蓋,GDT5P20508E0XTK4P10AA6,GDT5P20508E0XTK4P10AA6,130.9090909,1,3
T1-LM901,端蓋,GDT5P20508E0XTK4P10AA6,GDT5P20508E0XTK4P10AA6,68.57142857,1,3
T1-LM902,端蓋,GDT5P20508E0XTK4P10AA6,GDT5P20508E0XTK4P10AA6,51.42857143,1,3
T1-LM401,端蓋,GDT5P20508E0XTK4P10AA6,GDT5P20508E0XTK4P10AA6,51.42857143,1,3
T1-JM101,接長,GDT5P20508E0XTK4P10AA6,GDT5P20508E0XTK4P10AA6,32.72727273,1,4
T1-JM402,接長,GDT5P20508E0XTK4P10AA6,GDT5P20508E0XTK4P10AA6,36,1,4
T1-VP201,真空,GDT5P20508E0XTK4P10AA6,GDT5P20508E0XTK4P10AA6,51.42857143,1,5
T1-VP202,真空,GDT5P20508E0XTK4P10AA6,GDT5P20508E0XTK4P10AA6,51.42857143,1,5
T1-VP102,真空,GDT5P20508E0XTK4P10AA6,GDT5P20508E0XTK4P10AA6,51.42857143,1,5
T1-VP103,真空,GDT5P20508E0XTK4P10AA6,GDT5P20508E0XTK4P10AA6,51.42857143,1,5
T1-FF101,摺疊,GDT5P20508E0XTK4WLP1AA6,GDT5P20508E0XTK4WLP1AA6,60,1,1
T1-FF301,摺疊,GDT5P20508E0XTK4WLP1AA6,GDT5P20508E0XTK4WLP1AA6,60,1,1
T1-FF302,摺疊,GDT5P20508E0XTK4WLP1AA6,GDT5P20508E0XTK4WLP1AA6,60,1,1
T1-FF401,摺疊,GDT5P20508E0XTK4WLP1AA6,GDT5P20508E0XTK4WLP1AA6,60,1,1
T1-EC201,修邊,GDT5P20508E0XTK4WLP1AA6,GDT5P20508E0XTK4WLP1AA6,45,1,2
T1-EC301,修邊,GDT5P20508E0XTK4WLP1AA6,GDT5P20508E0XTK4WLP1AA6,45,1,2
T1-EC501,修邊,GDT5P20508E0XTK4WLP1AA6,GDT5P20508E0XTK4WLP1AA6,45,1,2
T1-LM101,端蓋,GDT5P20508E0XTK4WLP1AA6,GDT5P20508E0XTK4WLP1AA6,130.9090909,1,3
T1-LM901,端蓋,GDT5P20508E0XTK4WLP1AA6,GDT5P20508E0XTK4WLP1AA6,68.57142857,1,3
T1-LM902,端蓋,GDT5P20508E0XTK4WLP1AA6,GDT5P20508E0XTK4WLP1AA6,51.42857143,1,3
T1-LM401,端蓋,GDT5P20508E0XTK4WLP1AA6,GDT5P20508E0XTK4WLP1AA6,51.42857143,1,3
T1-VP201,真空,GDT5P20508E0XTK4WLP1AA6,GDT5P20508E0XTK4WLP1AA6,45,1,4
T1-VP202,真空,GDT5P20508E0XTK4WLP1AA6,GDT5P20508E0XTK4WLP1AA6,45,1,4
T1-VP102,真空,GDT5P20508E0XTK4WLP1AA6,GDT5P20508E0XTK4WLP1AA6,51.42857143,1,4
T1-VP103,真空,GDT5P20508E0XTK4WLP1AA6,GDT5P20508E0XTK4WLP1AA6,51.42857143,1,4
T1-JM101,接長,GDT5P20508E0XTK4WLP1AA6,GDT5P20508E0XTK4WLP1AA6,32.72727273,1,4
T1-JM402,接長,GDT5P20508E0XTK4WLP1AA6,GDT5P20508E0XTK4WLP1AA6,36,1,4
T1-VP201,真空,GDT5P20508E0XTK4WLP1AA6,GDT5P20508E0XTK4WLP1AA6,51.42857143,1,5
T1-VP202,真空,GDT5P20508E0XTK4WLP1AA6,GDT5P20508E0XTK4WLP1AA6,51.42857143,1,5
T1-VP102,真空,GDT5P20508E0XTK4WLP1AA6,GDT5P20508E0XTK4WLP1AA6,51.42857143,1,5
T1-VP103,真空,GDT5P20508E0XTK4WLP1AA6,GDT5P20508E0XTK4WLP1AA6,51.42857143,1,5
T1-FF101,摺疊,GDT5P20508E0XTK4WLP20AA6,GDT5P20508E0XTK4WLP20AA6,60,1,1
T1-FF301,摺疊,GDT5P20508E0XTK4WLP20AA6,GDT5P20508E0XTK4WLP20AA6,60,1,1
T1-FF302,摺疊,GDT5P20508E0XTK4WLP20AA6,GDT5P20508E0XTK4WLP20AA6,60,1,1
T1-FF401,摺疊,GDT5P20508E0XTK4WLP20AA6,GDT5P20508E0XTK4WLP20AA6,60,1,1
T1-EC201,修邊,GDT5P20508E0XTK4WLP20AA6,GDT5P20508E0XTK4WLP20AA6,45,1,2
T1-EC301,修邊,GDT5P20508E0XTK4WLP20AA6,GDT5P20508E0XTK4WLP20AA6,45,1,2
T1-EC501,修邊,GDT5P20508E0XTK4WLP20AA6,GDT5P20508E0XTK4WLP20AA6,45,1,2
T1-LM101,端蓋,GDT5P20508E0XTK4WLP20AA6,GDT5P20508E0XTK4WLP20AA6,130.9090909,1,3
T1-LM901,端蓋,GDT5P20508E0XTK4WLP20AA6,GDT5P20508E0XTK4WLP20AA6,68.57142857,1,3
T1-LM902,端蓋,GDT5P20508E0XTK4WLP20AA6,GDT5P20508E0XTK4WLP20AA6,51.42857143,1,3
T1-LM401,端蓋,GDT5P20508E0XTK4WLP20AA6,GDT5P20508E0XTK4WLP20AA6,51.42857143,1,3
T1-JM101,接長,GDT5P20508E0XTK4WLP20AA6,GDT5P20508E0XTK4WLP20AA6,32.72727273,1,4
T1-JM402,接長,GDT5P20508E0XTK4WLP20AA6,GDT5P20508E0XTK4WLP20AA6,36,1,4
T1-VP201,真空,GDT5P20508E0XTK4WLP20AA6,GDT5P20508E0XTK4WLP20AA6,51.42857143,1,5
T1-VP202,真空,GDT5P20508E0XTK4WLP20AA6,GDT5P20508E0XTK4WLP20AA6,51.42857143,1,5
T1-VP102,真空,GDT5P20508E0XTK4WLP20AA6,GDT5P20508E0XTK4WLP20AA6,51.42857143,1,5
T1-VP103,真空,GDT5P20508E0XTK4WLP20AA6,GDT5P20508E0XTK4WLP20AA6,51.42857143,1,5
T1-FF101,摺疊,GDT01P20508V0AA5,GDT01P20508V0AA5,60,1,1
T1-FF301,摺疊,GDT01P20508V0AA5,GDT01P20508V0AA5,60,1,1
T1-FF302,摺疊,GDT01P20508V0AA5,GDT01P20508V0AA5,60,1,1
T1-FF401,摺疊,GDT01P20508V0AA5,GDT01P20508V0AA5,60,1,1
T1-EC201,修邊,GDT01P20508V0AA5,GDT01P20508V0AA5,45,1,2
T1-EC301,修邊,GDT01P20508V0AA5,GDT01P20508V0AA5,45,1,2
T1-EC501,修邊,GDT01P20508V0AA5,GDT01P20508V0AA5,45,1,2
T1-LM101,端蓋,GDT01P20508V0AA5,GDT01P20508V0AA5,130.9090909,1,3
T1-LM901,端蓋,GDT01P20508V0AA5,GDT01P20508V0AA5,68.57142857,1,3
T1-LM902,端蓋,GDT01P20508V0AA5,GDT01P20508V0AA5,51.42857143,1,3
T1-LM401,端蓋,GDT01P20508V0AA5,GDT01P20508V0AA5,51.42857143,1,3
T1-JM101,接長,GDT01P20508V0AA5,GDT01P20508V0AA5,32.72727273,1,4
T1-JM402,接長,GDT01P20508V0AA5,GDT01P20508V0AA5,36,1,4
T1-VP201,真空,GDT01P20508V0AA5,GDT01P20508V0AA5,51.42857143,1,5
T1-VP202,真空,GDT01P20508V0AA5,GDT01P20508V0AA5,51.42857143,1,5
T1-VP102,真空,GDT01P20508V0AA5,GDT01P20508V0AA5,51.42857143,1,5
T1-VP103,真空,GDT01P20508V0AA5,GDT01P20508V0AA5,51.42857143,1,5
T1-FF101,摺疊,GDT02P20498E5AAA2,GDT02P20498E5AAA2,60,1,1
T1-FF301,摺疊,GDT02P20498E5AAA2,GDT02P20498E5AAA2,60,1,1
T1-FF302,摺疊,GDT02P20498E5AAA2,GDT02P20498E5AAA2,60,1,1
T1-FF401,摺疊,GDT02P20498E5AAA2,GDT02P20498E5AAA2,60,1,1
T1-EC201,修邊,GDT02P20498E5AAA2,GDT02P20498E5AAA2,45,1,2
T1-EC301,修邊,GDT02P20498E5AAA2,GDT02P20498E5AAA2,45,1,2
T1-EC501,修邊,GDT02P20498E5AAA2,GDT02P20498E5AAA2,45,1,2
T1-LM101,端蓋,GDT02P20498E5AAA2,GDT02P20498E5AAA2,130.9090909,1,3
T1-LM901,端蓋,GDT02P20498E5AAA2,GDT02P20498E5AAA2,68.57142857,1,3
T1-LM902,端蓋,GDT02P20498E5AAA2,GDT02P20498E5AAA2,51.42857143,1,3
T1-LM401,端蓋,GDT02P20498E5AAA2,GDT02P20498E5AAA2,51.42857143,1,3
T1-JM101,接長,GDT02P20498E5AAA2,GDT02P20498E5AAA2,32.72727273,1,4
T1-JM402,接長,GDT02P20498E5AAA2,GDT02P20498E5AAA2,36,1,4
T1-VP201,真空,GDT02P20498E5AAA2,GDT02P20498E5AAA2,51.42857143,1,5
T1-VP202,真空,GDT02P20498E5AAA2,GDT02P20498E5AAA2,51.42857143,1,5
T1-VP102,真空,GDT02P20498E5AAA2,GDT02P20498E5AAA2,51.42857143,1,5
T1-VP103,真空,GDT02P20498E5AAA2,GDT02P20498E5AAA2,51.42857143,1,5
T1-FF101,摺疊,GDT01P20508V0AA8,GDT01P20508V0AA8,60,1,1
T1-FF301,摺疊,GDT01P20508V0AA8,GDT01P20508V0AA8,60,1,1
T1-FF302,摺疊,GDT01P20508V0AA8,GDT01P20508V0AA8,60,1,1
T1-FF401,摺疊,GDT01P20508V0AA8,GDT01P20508V0AA8,60,1,1
T1-EC201,修邊,GDT01P20508V0AA8,GDT01P20508V0AA8,45,1,2
T1-EC301,修邊,GDT01P20508V0AA8,GDT01P20508V0AA8,45,1,2
T1-EC501,修邊,GDT01P20508V0AA8,GDT01P20508V0AA8,45,1,2
T1-LM101,端蓋,GDT01P20508V0AA8,GDT01P20508V0AA8,130.9090909,1,3
T1-LM901,端蓋,GDT01P20508V0AA8,GDT01P20508V0AA8,68.57142857,1,3
T1-LM902,端蓋,GDT01P20508V0AA8,GDT01P20508V0AA8,51.42857143,1,3
T1-LM401,端蓋,GDT01P20508V0AA8,GDT01P20508V0AA8,51.42857143,1,3
T1-JM101,接長,GDT01P20508V0AA8,GDT01P20508V0AA8,32.72727273,1,4
T1-JM402,接長,GDT01P20508V0AA8,GDT01P20508V0AA8,36,1,4
T1-VP201,真空,GDT01P20508V0AA8,GDT01P20508V0AA8,51.42857143,1,5
T1-VP202,真空,GDT01P20508V0AA8,GDT01P20508V0AA8,51.42857143,1,5
T1-VP102,真空,GDT01P20508V0AA8,GDT01P20508V0AA8,51.42857143,1,5
T1-VP103,真空,GDT01P20508V0AA8,GDT01P20508V0AA8,51.42857143,1,5
T1-FF101,摺疊,GDT1P20498E8A10,GDT1P20498E8A10,60,1,1
T1-FF301,摺疊,GDT1P20498E8A10,GDT1P20498E8A10,60,1,1
T1-FF302,摺疊,GDT1P20498E8A10,GDT1P20498E8A10,60,1,1
T1-FF401,摺疊,GDT1P20498E8A10,GDT1P20498E8A10,60,1,1
T1-EC201,修邊,GDT1P20498E8A10,GDT1P20498E8A10,45,1,2
T1-EC301,修邊,GDT1P20498E8A10,GDT1P20498E8A10,45,1,2
T1-EC501,修邊,GDT1P20498E8A10,GDT1P20498E8A10,45,1,2
T1-LM101,端蓋,GDT1P20498E8A10,GDT1P20498E8A10,130.9090909,1,3
T1-LM901,端蓋,GDT1P20498E8A10,GDT1P20498E8A10,68.57142857,1,3
T1-LM902,端蓋,GDT1P20498E8A10,GDT1P20498E8A10,51.42857143,1,3
T1-LM401,端蓋,GDT1P20498E8A10,GDT1P20498E8A10,51.42857143,1,3
T1-JM101,接長,GDT1P20498E8A10,GDT1P20498E8A10,32.72727273,1,4
T1-JM402,接長,GDT1P20498E8A10,GDT1P20498E8A10,36,1,4
T1-VP201,真空,GDT1P20498E8A10,GDT1P20498E8A10,51.42857143,1,5
T1-VP202,真空,GDT1P20498E8A10,GDT1P20498E8A10,51.42857143,1,5
T1-VP102,真空,GDT1P20498E8A10,GDT1P20498E8A10,51.42857143,1,5
T1-VP103,真空,GDT1P20498E8A10,GDT1P20498E8A10,51.42857143,1,5
T1-FF101,摺疊,GDT5P20508E0AA6,GDT5P20508E0AA6,60,1,1
T1-FF301,摺疊,GDT5P20508E0AA6,GDT5P20508E0AA6,60,1,1
T1-FF302,摺疊,GDT5P20508E0AA6,GDT5P20508E0AA6,60,1,1
T1-FF401,摺疊,GDT5P20508E0AA6,GDT5P20508E0AA6,60,1,1
T1-EC201,修邊,GDT5P20508E0AA6,GDT5P20508E0AA6,45,1,2
T1-EC301,修邊,GDT5P20508E0AA6,GDT5P20508E0AA6,45,1,2
T1-EC501,修邊,GDT5P20508E0AA6,GDT5P20508E0AA6,45,1,2
T1-LM101,端蓋,GDT5P20508E0AA6,GDT5P20508E0AA6,130.9090909,1,3
T1-LM901,端蓋,GDT5P20508E0AA6,GDT5P20508E0AA6,68.57142857,1,3
T1-LM902,端蓋,GDT5P20508E0AA6,GDT5P20508E0AA6,51.42857143,1,3
T1-LM401,端蓋,GDT5P20508E0AA6,GDT5P20508E0AA6,51.42857143,1,3
T1-JM101,接長,GDT5P20508E0AA6,GDT5P20508E0AA6,32.72727273,1,4
T1-JM402,接長,GDT5P20508E0AA6,GDT5P20508E0AA6,36,1,4
T1-VP201,真空,GDT5P20508E0AA6,GDT5P20508E0AA6,51.42857143,1,5
T1-VP202,真空,GDT5P20508E0AA6,GDT5P20508E0AA6,51.42857143,1,5
T1-VP102,真空,GDT5P20508E0AA6,GDT5P20508E0AA6,51.42857143,1,5
T1-VP103,真空,GDT5P20508E0AA6,GDT5P20508E0AA6,51.42857143,1,5
T1-FF101,摺疊,GDT01P30748E8AA5,GDT01P30748E8AA5,60,1,1
T1-FF301,摺疊,GDT01P30748E8AA5,GDT01P30748E8AA5,60,1,1
T1-FF302,摺疊,GDT01P30748E8AA5,GDT01P30748E8AA5,60,1,1
T1-FF401,摺疊,GDT01P30748E8AA5,GDT01P30748E8AA5,60,1,1
T1-EC201,修邊,GDT01P30748E8AA5,GDT01P30748E8AA5,45,1,2
T1-EC301,修邊,GDT01P30748E8AA5,GDT01P30748E8AA5,45,1,2
T1-EC501,修邊,GDT01P30748E8AA5,GDT01P30748E8AA5,45,1,2
T1-LM101,端蓋,GDT01P30748E8AA5,GDT01P30748E8AA5,130.9090909,1,3
T1-LM901,端蓋,GDT01P30748E8AA5,GDT01P30748E8AA5,68.57142857,1,3
T1-LM902,端蓋,GDT01P30748E8AA5,GDT01P30748E8AA5,51.42857143,1,3
T1-LM401,端蓋,GDT01P30748E8AA5,GDT01P30748E8AA5,51.42857143,1,3
T1-JM101,接長,GDT01P30748E8AA5,GDT01P30748E8AA5,32.72727273,1,4
T1-JM402,接長,GDT01P30748E8AA5,GDT01P30748E8AA5,36,1,4
T1-VP201,真空,GDT01P30748E8AA5,GDT01P30748E8AA5,51.42857143,1,5
T1-VP202,真空,GDT01P30748E8AA5,GDT01P30748E8AA5,51.42857143,1,5
T1-VP102,真空,GDT01P30748E8AA5,GDT01P30748E8AA5,51.42857143,1,5
T1-VP103,真空,GDT01P30748E8AA5,GDT01P30748E8AA5,51.42857143,1,5
T1-FF101,摺疊,GDT02P30748E5AAA2,GDT02P30748E5AAA2,60,1,1
T1-FF301,摺疊,GDT02P30748E5AAA2,GDT02P30748E5AAA2,60,1,1
T1-FF302,摺疊,GDT02P30748E5AAA2,GDT02P30748E5AAA2,60,1,1
T1-FF401,摺疊,GDT02P30748E5AAA2,GDT02P30748E5AAA2,60,1,1
T1-EC201,修邊,GDT02P30748E5AAA2,GDT02P30748E5AAA2,45,1,2
T1-EC301,修邊,GDT02P30748E5AAA2,GDT02P30748E5AAA2,45,1,2
T1-EC501,修邊,GDT02P30748E5AAA2,GDT02P30748E5AAA2,45,1,2
T1-LM101,端蓋,GDT02P30748E5AAA2,GDT02P30748E5AAA2,130.9090909,1,3
T1-LM901,端蓋,GDT02P30748E5AAA2,GDT02P30748E5AAA2,68.57142857,1,3
T1-LM902,端蓋,GDT02P30748E5AAA2,GDT02P30748E5AAA2,51.42857143,1,3
T1-LM401,端蓋,GDT02P30748E5AAA2,GDT02P30748E5AAA2,51.42857143,1,3
T1-JM101,接長,GDT02P30748E5AAA2,GDT02P30748E5AAA2,32.72727273,1,4
T1-JM402,接長,GDT02P30748E5AAA2,GDT02P30748E5AAA2,36,1,4
T1-VP201,真空,GDT02P30748E5AAA2,GDT02P30748E5AAA2,51.42857143,1,5
T1-VP202,真空,GDT02P30748E5AAA2,GDT02P30748E5AAA2,51.42857143,1,5
T1-VP102,真空,GDT02P30748E5AAA2,GDT02P30748E5AAA2,51.42857143,1,5
T1-VP103,真空,GDT02P30748E5AAA2,GDT02P30748E5AAA2,51.42857143,1,5
T1-FF101,摺疊,GDT02P30748E8AA2,GDT02P30748E8AA2,60,1,1
T1-FF301,摺疊,GDT02P30748E8AA2,GDT02P30748E8AA2,60,1,1
T1-FF302,摺疊,GDT02P30748E8AA2,GDT02P30748E8AA2,60,1,1
T1-FF401,摺疊,GDT02P30748E8AA2,GDT02P30748E8AA2,60,1,1
T1-EC201,修邊,GDT02P30748E8AA2,GDT02P30748E8AA2,45,1,2
T1-EC301,修邊,GDT02P30748E8AA2,GDT02P30748E8AA2,45,1,2
T1-EC501,修邊,GDT02P30748E8AA2,GDT02P30748E8AA2,45,1,2
T1-LM101,端蓋,GDT02P30748E8AA2,GDT02P30748E8AA2,130.9090909,1,3
T1-LM901,端蓋,GDT02P30748E8AA2,GDT02P30748E8AA2,68.57142857,1,3
T1-LM902,端蓋,GDT02P30748E8AA2,GDT02P30748E8AA2,51.42857143,1,3
T1-LM401,端蓋,GDT02P30748E8AA2,GDT02P30748E8AA2,51.42857143,1,3
T1-JM101,接長,GDT02P30748E8AA2,GDT02P30748E8AA2,32.72727273,1,4
T1-JM402,接長,GDT02P30748E8AA2,GDT02P30748E8AA2,36,1,4
T1-VP201,真空,GDT02P30748E8AA2,GDT02P30748E8AA2,51.42857143,1,5
T1-VP202,真空,GDT02P30748E8AA2,GDT02P30748E8AA2,51.42857143,1,5
T1-VP102,真空,GDT02P30748E8AA2,GDT02P30748E8AA2,51.42857143,1,5
T1-VP103,真空,GDT02P30748E8AA2,GDT02P30748E8AA2,51.42857143,1,5
T1-FF101,摺疊,GDT02P30762E0AA2,GDT02P30762E0AA2,60,1,1
T1-FF301,摺疊,GDT02P30762E0AA2,GDT02P30762E0AA2,60,1,1
T1-FF302,摺疊,GDT02P30762E0AA2,GDT02P30762E0AA2,60,1,1
T1-FF401,摺疊,GDT02P30762E0AA2,GDT02P30762E0AA2,60,1,1
T1-EC201,修邊,GDT02P30762E0AA2,GDT02P30762E0AA2,45,1,2
T1-EC301,修邊,GDT02P30762E0AA2,GDT02P30762E0AA2,45,1,2
T1-EC501,修邊,GDT02P30762E0AA2,GDT02P30762E0AA2,45,1,2
T1-LM101,端蓋,GDT02P30762E0AA2,GDT02P30762E0AA2,130.9090909,1,3
T1-LM901,端蓋,GDT02P30762E0AA2,GDT02P30762E0AA2,68.57142857,1,3
T1-LM902,端蓋,GDT02P30762E0AA2,GDT02P30762E0AA2,51.42857143,1,3
T1-LM401,端蓋,GDT02P30762E0AA2,GDT02P30762E0AA2,51.42857143,1,3
T1-JM101,接長,GDT02P30762E0AA2,GDT02P30762E0AA2,32.72727273,1,4
T1-JM402,接長,GDT02P30762E0AA2,GDT02P30762E0AA2,36,1,4
T1-VP201,真空,GDT02P30762E0AA2,GDT02P30762E0AA2,51.42857143,1,5
T1-VP202,真空,GDT02P30762E0AA2,GDT02P30762E0AA2,51.42857143,1,5
T1-VP102,真空,GDT02P30762E0AA2,GDT02P30762E0AA2,51.42857143,1,5
T1-VP103,真空,GDT02P30762E0AA2,GDT02P30762E0AA2,51.42857143,1,5
T1-FF101,摺疊,GDT1PH30748S8A10,GDT1PH30748S8A10,60,1,1
T1-FF301,摺疊,GDT1PH30748S8A10,GDT1PH30748S8A10,60,1,1
T1-FF302,摺疊,GDT1PH30748S8A10,GDT1PH30748S8A10,60,1,1
T1-FF401,摺疊,GDT1PH30748S8A10,GDT1PH30748S8A10,60,1,1
T1-EC201,修邊,GDT1PH30748S8A10,GDT1PH30748S8A10,45,1,2
T1-EC301,修邊,GDT1PH30748S8A10,GDT1PH30748S8A10,45,1,2
T1-EC501,修邊,GDT1PH30748S8A10,GDT1PH30748S8A10,45,1,2
T1-LM101,端蓋,GDT1PH30748S8A10,GDT1PH30748S8A10,130.9090909,1,3
T1-LM901,端蓋,GDT1PH30748S8A10,GDT1PH30748S8A10,68.57142857,1,3
T1-LM902,端蓋,GDT1PH30748S8A10,GDT1PH30748S8A10,51.42857143,1,3
T1-LM401,端蓋,GDT1PH30748S8A10,GDT1PH30748S8A10,51.42857143,1,3
T1-JM101,接長,GDT1PH30748S8A10,GDT1PH30748S8A10,32.72727273,1,4
T1-JM402,接長,GDT1PH30748S8A10,GDT1PH30748S8A10,36,1,4
T1-VP201,真空,GDT1PH30748S8A10,GDT1PH30748S8A10,51.42857143,1,5
T1-VP202,真空,GDT1PH30748S8A10,GDT1PH30748S8A10,51.42857143,1,5
T1-VP102,真空,GDT1PH30748S8A10,GDT1PH30748S8A10,51.42857143,1,5
T1-VP103,真空,GDT1PH30748S8A10,GDT1PH30748S8A10,51.42857143,1,5
T1-FF101,摺疊,GDT1P30748S9A10,GDT1P30748S9A10,60,1,1
T1-FF301,摺疊,GDT1P30748S9A10,GDT1P30748S9A10,60,1,1
T1-FF302,摺疊,GDT1P30748S9A10,GDT1P30748S9A10,60,1,1
T1-FF401,摺疊,GDT1P30748S9A10,GDT1P30748S9A10,60,1,1
T1-EC201,修邊,GDT1P30748S9A10,GDT1P30748S9A10,45,1,2
T1-EC301,修邊,GDT1P30748S9A10,GDT1P30748S9A10,45,1,2
T1-EC501,修邊,GDT1P30748S9A10,GDT1P30748S9A10,45,1,2
T1-LM101,端蓋,GDT1P30748S9A10,GDT1P30748S9A10,130.9090909,1,3
T1-LM901,端蓋,GDT1P30748S9A10,GDT1P30748S9A10,68.57142857,1,3
T1-LM902,端蓋,GDT1P30748S9A10,GDT1P30748S9A10,51.42857143,1,3
T1-LM401,端蓋,GDT1P30748S9A10,GDT1P30748S9A10,51.42857143,1,3
T1-JM101,接長,GDT1P30748S9A10,GDT1P30748S9A10,32.72727273,1,4
T1-JM402,接長,GDT1P30748S9A10,GDT1P30748S9A10,36,1,4
T1-VP201,真空,GDT1P30748S9A10,GDT1P30748S9A10,51.42857143,1,5
T1-VP202,真空,GDT1P30748S9A10,GDT1P30748S9A10,51.42857143,1,5
T1-VP102,真空,GDT1P30748S9A10,GDT1P30748S9A10,51.42857143,1,5
T1-VP103,真空,GDT1P30748S9A10,GDT1P30748S9A10,51.42857143,1,5
T1-FF101,摺疊,GDT1P30750E0A10,GDT1P30750E0A10,60,1,1
T1-FF301,摺疊,GDT1P30750E0A10,GDT1P30750E0A10,60,1,1
T1-FF302,摺疊,GDT1P30750E0A10,GDT1P30750E0A10,60,1,1
T1-FF401,摺疊,GDT1P30750E0A10,GDT1P30750E0A10,60,1,1
T1-EC201,修邊,GDT1P30750E0A10,GDT1P30750E0A10,45,1,2
T1-EC301,修邊,GDT1P30750E0A10,GDT1P30750E0A10,45,1,2
T1-EC501,修邊,GDT1P30750E0A10,GDT1P30750E0A10,45,1,2
T1-LM101,端蓋,GDT1P30750E0A10,GDT1P30750E0A10,130.9090909,1,3
T1-LM901,端蓋,GDT1P30750E0A10,GDT1P30750E0A10,68.57142857,1,3
T1-LM902,端蓋,GDT1P30750E0A10,GDT1P30750E0A10,51.42857143,1,3
T1-LM401,端蓋,GDT1P30750E0A10,GDT1P30750E0A10,51.42857143,1,3
T1-JM101,接長,GDT1P30750E0A10,GDT1P30750E0A10,32.72727273,1,4
T1-JM402,接長,GDT1P30750E0A10,GDT1P30750E0A10,36,1,4
T1-VP201,真空,GDT1P30750E0A10,GDT1P30750E0A10,51.42857143,1,5
T1-VP202,真空,GDT1P30750E0A10,GDT1P30750E0A10,51.42857143,1,5
T1-VP102,真空,GDT1P30750E0A10,GDT1P30750E0A10,51.42857143,1,5
T1-VP103,真空,GDT1P30750E0A10,GDT1P30750E0A10,51.42857143,1,5
T1-FF101,摺疊,GDT1P30750V0A10,GDT1P30750V0A10,60,1,1
T1-FF301,摺疊,GDT1P30750V0A10,GDT1P30750V0A10,60,1,1
T1-FF302,摺疊,GDT1P30750V0A10,GDT1P30750V0A10,60,1,1
T1-FF401,摺疊,GDT1P30750V0A10,GDT1P30750V0A10,60,1,1
T1-EC201,修邊,GDT1P30750V0A10,GDT1P30750V0A10,45,1,2
T1-EC301,修邊,GDT1P30750V0A10,GDT1P30750V0A10,45,1,2
T1-EC501,修邊,GDT1P30750V0A10,GDT1P30750V0A10,45,1,2
T1-LM101,端蓋,GDT1P30750V0A10,GDT1P30750V0A10,130.9090909,1,3
T1-LM901,端蓋,GDT1P30750V0A10,GDT1P30750V0A10,68.57142857,1,3
T1-LM902,端蓋,GDT1P30750V0A10,GDT1P30750V0A10,51.42857143,1,3
T1-LM401,端蓋,GDT1P30750V0A10,GDT1P30750V0A10,51.42857143,1,3
T1-JM101,接長,GDT1P30750V0A10,GDT1P30750V0A10,32.72727273,1,4
T1-JM402,接長,GDT1P30750V0A10,GDT1P30750V0A10,36,1,4
T1-VP201,真空,GDT1P30750V0A10,GDT1P30750V0A10,51.42857143,1,5
T1-VP202,真空,GDT1P30750V0A10,GDT1P30750V0A10,51.42857143,1,5
T1-VP102,真空,GDT1P30750V0A10,GDT1P30750V0A10,51.42857143,1,5
T1-VP103,真空,GDT1P30750V0A10,GDT1P30750V0A10,51.42857143,1,5
T1-FF101,摺疊,GDT20P30748E5AA5,GDT20P30748E5AA5,60,1,1
T1-FF301,摺疊,GDT20P30748E5AA5,GDT20P30748E5AA5,60,1,1
T1-FF302,摺疊,GDT20P30748E5AA5,GDT20P30748E5AA5,60,1,1
T1-FF401,摺疊,GDT20P30748E5AA5,GDT20P30748E5AA5,60,1,1
T1-EC201,修邊,GDT20P30748E5AA5,GDT20P30748E5AA5,45,1,2
T1-EC301,修邊,GDT20P30748E5AA5,GDT20P30748E5AA5,45,1,2
T1-EC501,修邊,GDT20P30748E5AA5,GDT20P30748E5AA5,45,1,2
T1-LM101,端蓋,GDT20P30748E5AA5,GDT20P30748E5AA5,130.9090909,1,3
T1-LM901,端蓋,GDT20P30748E5AA5,GDT20P30748E5AA5,68.57142857,1,3
T1-LM902,端蓋,GDT20P30748E5AA5,GDT20P30748E5AA5,51.42857143,1,3
T1-LM401,端蓋,GDT20P30748E5AA5,GDT20P30748E5AA5,51.42857143,1,3
T1-JM101,接長,GDT20P30748E5AA5,GDT20P30748E5AA5,32.72727273,1,4
T1-JM402,接長,GDT20P30748E5AA5,GDT20P30748E5AA5,36,1,4
T1-VP201,真空,GDT20P30748E5AA5,GDT20P30748E5AA5,51.42857143,1,5
T1-VP202,真空,GDT20P30748E5AA5,GDT20P30748E5AA5,51.42857143,1,5
T1-VP102,真空,GDT20P30748E5AA5,GDT20P30748E5AA5,51.42857143,1,5
T1-VP103,真空,GDT20P30748E5AA5,GDT20P30748E5AA5,51.42857143,1,5
T1-FF101,摺疊,GDT3P30748E5AA6,GDT3P30748E5AA6,60,1,1
T1-FF301,摺疊,GDT3P30748E5AA6,GDT3P30748E5AA6,60,1,1
T1-FF302,摺疊,GDT3P30748E5AA6,GDT3P30748E5AA6,60,1,1
T1-FF401,摺疊,GDT3P30748E5AA6,GDT3P30748E5AA6,60,1,1
T1-EC201,修邊,GDT3P30748E5AA6,GDT3P30748E5AA6,45,1,2
T1-EC301,修邊,GDT3P30748E5AA6,GDT3P30748E5AA6,45,1,2
T1-EC501,修邊,GDT3P30748E5AA6,GDT3P30748E5AA6,45,1,2
T1-LM101,端蓋,GDT3P30748E5AA6,GDT3P30748E5AA6,130.9090909,1,3
T1-LM901,端蓋,GDT3P30748E5AA6,GDT3P30748E5AA6,68.57142857,1,3
T1-LM902,端蓋,GDT3P30748E5AA6,GDT3P30748E5AA6,51.42857143,1,3
T1-LM401,端蓋,GDT3P30748E5AA6,GDT3P30748E5AA6,51.42857143,1,3
T1-JM101,接長,GDT3P30748E5AA6,GDT3P30748E5AA6,32.72727273,1,4
T1-JM402,接長,GDT3P30748E5AA6,GDT3P30748E5AA6,36,1,4
T1-VP201,真空,GDT3P30748E5AA6,GDT3P30748E5AA6,51.42857143,1,5
T1-VP202,真空,GDT3P30748E5AA6,GDT3P30748E5AA6,51.42857143,1,5
T1-VP102,真空,GDT3P30748E5AA6,GDT3P30748E5AA6,51.42857143,1,5
T1-VP103,真空,GDT3P30748E5AA6,GDT3P30748E5AA6,51.42857143,1,5
T1-FF101,摺疊,GDT50P30748S9AA8,GDT50P30748S9AA8,60,1,1
T1-FF301,摺疊,GDT50P30748S9AA8,GDT50P30748S9AA8,60,1,1
T1-FF302,摺疊,GDT50P30748S9AA8,GDT50P30748S9AA8,60,1,1
T1-FF401,摺疊,GDT50P30748S9AA8,GDT50P30748S9AA8,60,1,1
T1-EC201,修邊,GDT50P30748S9AA8,GDT50P30748S9AA8,45,1,2
T1-EC301,修邊,GDT50P30748S9AA8,GDT50P30748S9AA8,45,1,2
T1-EC501,修邊,GDT50P30748S9AA8,GDT50P30748S9AA8,45,1,2
T1-LM101,端蓋,GDT50P30748S9AA8,GDT50P30748S9AA8,130.9090909,1,3
T1-LM901,端蓋,GDT50P30748S9AA8,GDT50P30748S9AA8,68.57142857,1,3
T1-LM902,端蓋,GDT50P30748S9AA8,GDT50P30748S9AA8,51.42857143,1,3
T1-LM401,端蓋,GDT50P30748S9AA8,GDT50P30748S9AA8,51.42857143,1,3
T1-JM101,接長,GDT50P30748S9AA8,GDT50P30748S9AA8,32.72727273,1,4
T1-JM402,接長,GDT50P30748S9AA8,GDT50P30748S9AA8,36,1,4
T1-VP201,真空,GDT50P30748S9AA8,GDT50P30748S9AA8,51.42857143,1,5
T1-VP202,真空,GDT50P30748S9AA8,GDT50P30748S9AA8,51.42857143,1,5
T1-VP102,真空,GDT50P30748S9AA8,GDT50P30748S9AA8,51.42857143,1,5
T1-VP103,真空,GDT50P30748S9AA8,GDT50P30748S9AA8,51.42857143,1,5
T1-FF101,摺疊,GDT5P30748S8AA6,GDT5P30748S8AA6,60,1,1
T1-FF301,摺疊,GDT5P30748S8AA6,GDT5P30748S8AA6,60,1,1
T1-FF302,摺疊,GDT5P30748S8AA6,GDT5P30748S8AA6,60,1,1
T1-FF401,摺疊,GDT5P30748S8AA6,GDT5P30748S8AA6,60,1,1
T1-EC201,修邊,GDT5P30748S8AA6,GDT5P30748S8AA6,45,1,2
T1-EC301,修邊,GDT5P30748S8AA6,GDT5P30748S8AA6,45,1,2
T1-EC501,修邊,GDT5P30748S8AA6,GDT5P30748S8AA6,45,1,2
T1-LM101,端蓋,GDT5P30748S8AA6,GDT5P30748S8AA6,130.9090909,1,3
T1-LM901,端蓋,GDT5P30748S8AA6,GDT5P30748S8AA6,68.57142857,1,3
T1-LM902,端蓋,GDT5P30748S8AA6,GDT5P30748S8AA6,51.42857143,1,3
T1-LM401,端蓋,GDT5P30748S8AA6,GDT5P30748S8AA6,51.42857143,1,3
T1-JM101,接長,GDT5P30748S8AA6,GDT5P30748S8AA6,32.72727273,1,4
T1-JM402,接長,GDT5P30748S8AA6,GDT5P30748S8AA6,36,1,4
T1-VP201,真空,GDT5P30748S8AA6,GDT5P30748S8AA6,51.42857143,1,5
T1-VP202,真空,GDT5P30748S8AA6,GDT5P30748S8AA6,51.42857143,1,5
T1-VP102,真空,GDT5P30748S8AA6,GDT5P30748S8AA6,51.42857143,1,5
T1-VP103,真空,GDT5P30748S8AA6,GDT5P30748S8AA6,51.42857143,1,5
T1-FF101,摺疊,GDT5P30748S9AA8,GDT5P30748S9AA8,60,1,1
T1-FF301,摺疊,GDT5P30748S9AA8,GDT5P30748S9AA8,60,1,1
T1-FF302,摺疊,GDT5P30748S9AA8,GDT5P30748S9AA8,60,1,1
T1-FF401,摺疊,GDT5P30748S9AA8,GDT5P30748S9AA8,60,1,1
T1-EC201,修邊,GDT5P30748S9AA8,GDT5P30748S9AA8,45,1,2
T1-EC301,修邊,GDT5P30748S9AA8,GDT5P30748S9AA8,45,1,2
T1-EC501,修邊,GDT5P30748S9AA8,GDT5P30748S9AA8,45,1,2
T1-LM101,端蓋,GDT5P30748S9AA8,GDT5P30748S9AA8,130.9090909,1,3
T1-LM901,端蓋,GDT5P30748S9AA8,GDT5P30748S9AA8,68.57142857,1,3
T1-LM902,端蓋,GDT5P30748S9AA8,GDT5P30748S9AA8,51.42857143,1,3
T1-LM401,端蓋,GDT5P30748S9AA8,GDT5P30748S9AA8,51.42857143,1,3
T1-JM101,接長,GDT5P30748S9AA8,GDT5P30748S9AA8,32.72727273,1,4
T1-JM402,接長,GDT5P30748S9AA8,GDT5P30748S9AA8,36,1,4
T1-VP201,真空,GDT5P30748S9AA8,GDT5P30748S9AA8,51.42857143,1,5
T1-VP202,真空,GDT5P30748S9AA8,GDT5P30748S9AA8,51.42857143,1,5
T1-VP102,真空,GDT5P30748S9AA8,GDT5P30748S9AA8,51.42857143,1,5
T1-VP103,真空,GDT5P30748S9AA8,GDT5P30748S9AA8,51.42857143,1,5
T1-FF101,摺疊,GDT3P30750E0AA4,GDT3P30750E0AA4,60,1,1
T1-FF301,摺疊,GDT3P30750E0AA4,GDT3P30750E0AA4,60,1,1
T1-FF302,摺疊,GDT3P30750E0AA4,GDT3P30750E0AA4,60,1,1
T1-FF401,摺疊,GDT3P30750E0AA4,GDT3P30750E0AA4,60,1,1
T1-EC201,修邊,GDT3P30750E0AA4,GDT3P30750E0AA4,45,1,2
T1-EC301,修邊,GDT3P30750E0AA4,GDT3P30750E0AA4,45,1,2
T1-EC501,修邊,GDT3P30750E0AA4,GDT3P30750E0AA4,45,1,2
T1-LM101,端蓋,GDT3P30750E0AA4,GDT3P30750E0AA4,130.9090909,1,3
T1-LM901,端蓋,GDT3P30750E0AA4,GDT3P30750E0AA4,68.57142857,1,3
T1-LM902,端蓋,GDT3P30750E0AA4,GDT3P30750E0AA4,51.42857143,1,3
T1-LM401,端蓋,GDT3P30750E0AA4,GDT3P30750E0AA4,51.42857143,1,3
T1-JM101,接長,GDT3P30750E0AA4,GDT3P30750E0AA4,32.72727273,1,4
T1-JM402,接長,GDT3P30750E0AA4,GDT3P30750E0AA4,36,1,4
T1-VP201,真空,GDT3P30750E0AA4,GDT3P30750E0AA4,51.42857143,1,5
T1-VP202,真空,GDT3P30750E0AA4,GDT3P30750E0AA4,51.42857143,1,5
T1-VP102,真空,GDT3P30750E0AA4,GDT3P30750E0AA4,51.42857143,1,5
T1-VP103,真空,GDT3P30750E0AA4,GDT3P30750E0AA4,51.42857143,1,5
T1-FF101,摺疊,GDT5P30750E0XTK4P10AA6,GDT5P30750E0XTK4P10AA6,60,1,1
T1-FF301,摺疊,GDT5P30750E0XTK4P10AA6,GDT5P30750E0XTK4P10AA6,60,1,1
T1-FF302,摺疊,GDT5P30750E0XTK4P10AA6,GDT5P30750E0XTK4P10AA6,60,1,1
T1-FF401,摺疊,GDT5P30750E0XTK4P10AA6,GDT5P30750E0XTK4P10AA6,60,1,1
T1-EC201,修邊,GDT5P30750E0XTK4P10AA6,GDT5P30750E0XTK4P10AA6,45,1,2
T1-EC301,修邊,GDT5P30750E0XTK4P10AA6,GDT5P30750E0XTK4P10AA6,45,1,2
T1-EC501,修邊,GDT5P30750E0XTK4P10AA6,GDT5P30750E0XTK4P10AA6,45,1,2
T1-LM101,端蓋,GDT5P30750E0XTK4P10AA6,GDT5P30750E0XTK4P10AA6,130.9090909,1,3
T1-LM901,端蓋,GDT5P30750E0XTK4P10AA6,GDT5P30750E0XTK4P10AA6,68.57142857,1,3
T1-LM902,端蓋,GDT5P30750E0XTK4P10AA6,GDT5P30750E0XTK4P10AA6,51.42857143,1,3
T1-LM401,端蓋,GDT5P30750E0XTK4P10AA6,GDT5P30750E0XTK4P10AA6,51.42857143,1,3
T1-JM101,接長,GDT5P30750E0XTK4P10AA6,GDT5P30750E0XTK4P10AA6,32.72727273,1,4
T1-JM402,接長,GDT5P30750E0XTK4P10AA6,GDT5P30750E0XTK4P10AA6,36,1,4
T1-VP201,真空,GDT5P30750E0XTK4P10AA6,GDT5P30750E0XTK4P10AA6,51.42857143,1,5
T1-VP202,真空,GDT5P30750E0XTK4P10AA6,GDT5P30750E0XTK4P10AA6,51.42857143,1,5
T1-VP102,真空,GDT5P30750E0XTK4P10AA6,GDT5P30750E0XTK4P10AA6,51.42857143,1,5
T1-VP103,真空,GDT5P30750E0XTK4P10AA6,GDT5P30750E0XTK4P10AA6,51.42857143,1,5
T1-FF101,摺疊,GDT5P30750B0AA6,GDT5P30750B0AA6,60,1,1
T1-FF301,摺疊,GDT5P30750B0AA6,GDT5P30750B0AA6,60,1,1
T1-FF302,摺疊,GDT5P30750B0AA6,GDT5P30750B0AA6,60,1,1
T1-FF401,摺疊,GDT5P30750B0AA6,GDT5P30750B0AA6,60,1,1
T1-EC201,修邊,GDT5P30750B0AA6,GDT5P30750B0AA6,45,1,2
T1-EC301,修邊,GDT5P30750B0AA6,GDT5P30750B0AA6,45,1,2
T1-EC501,修邊,GDT5P30750B0AA6,GDT5P30750B0AA6,45,1,2
T1-LM101,端蓋,GDT5P30750B0AA6,GDT5P30750B0AA6,130.9090909,1,3
T1-LM901,端蓋,GDT5P30750B0AA6,GDT5P30750B0AA6,68.57142857,1,3
T1-LM902,端蓋,GDT5P30750B0AA6,GDT5P30750B0AA6,51.42857143,1,3
T1-LM401,端蓋,GDT5P30750B0AA6,GDT5P30750B0AA6,51.42857143,1,3
T1-JM101,接長,GDT5P30750B0AA6,GDT5P30750B0AA6,32.72727273,1,4
T1-JM402,接長,GDT5P30750B0AA6,GDT5P30750B0AA6,36,1,4
T1-VP201,真空,GDT5P30750B0AA6,GDT5P30750B0AA6,51.42857143,1,5
T1-VP202,真空,GDT5P30750B0AA6,GDT5P30750B0AA6,51.42857143,1,5
T1-VP102,真空,GDT5P30750B0AA6,GDT5P30750B0AA6,51.42857143,1,5
T1-VP103,真空,GDT5P30750B0AA6,GDT5P30750B0AA6,51.42857143,1,5
T1-FF101,摺疊,GDT10P30748S9AA8,GDT10P30748S9AA8,60,1,1
T1-FF301,摺疊,GDT10P30748S9AA8,GDT10P30748S9AA8,60,1,1
T1-FF302,摺疊,GDT10P30748S9AA8,GDT10P30748S9AA8,60,1,1
T1-FF401,摺疊,GDT10P30748S9AA8,GDT10P30748S9AA8,60,1,1
T1-EC201,修邊,GDT10P30748S9AA8,GDT10P30748S9AA8,45,1,2
T1-EC301,修邊,GDT10P30748S9AA8,GDT10P30748S9AA8,45,1,2
T1-EC501,修邊,GDT10P30748S9AA8,GDT10P30748S9AA8,45,1,2
T1-LM101,端蓋,GDT10P30748S9AA8,GDT10P30748S9AA8,130.9090909,1,3
T1-LM901,端蓋,GDT10P30748S9AA8,GDT10P30748S9AA8,68.57142857,1,3
T1-LM902,端蓋,GDT10P30748S9AA8,GDT10P30748S9AA8,51.42857143,1,3
T1-LM401,端蓋,GDT10P30748S9AA8,GDT10P30748S9AA8,51.42857143,1,3
T1-JM101,接長,GDT10P30748S9AA8,GDT10P30748S9AA8,32.72727273,1,4
T1-JM402,接長,GDT10P30748S9AA8,GDT10P30748S9AA8,36,1,4
T1-VP201,真空,GDT10P30748S9AA8,GDT10P30748S9AA8,51.42857143,1,5
T1-VP202,真空,GDT10P30748S9AA8,GDT10P30748S9AA8,51.42857143,1,5
T1-VP102,真空,GDT10P30748S9AA8,GDT10P30748S9AA8,51.42857143,1,5
T1-VP103,真空,GDT10P30748S9AA8,GDT10P30748S9AA8,51.42857143,1,5
T1-FF101,摺疊,GDT01P401012E0AA5,GDT01P401012E0AA5,60,1,1
T1-FF301,摺疊,GDT01P401012E0AA5,GDT01P401012E0AA5,60,1,1
T1-FF302,摺疊,GDT01P401012E0AA5,GDT01P401012E0AA5,60,1,1
T1-FF401,摺疊,GDT01P401012E0AA5,GDT01P401012E0AA5,60,1,1
T1-EC201,修邊,GDT01P401012E0AA5,GDT01P401012E0AA5,45,1,2
T1-EC301,修邊,GDT01P401012E0AA5,GDT01P401012E0AA5,45,1,2
T1-EC501,修邊,GDT01P401012E0AA5,GDT01P401012E0AA5,45,1,2
T1-LM101,端蓋,GDT01P401012E0AA5,GDT01P401012E0AA5,130.9090909,1,3
T1-LM901,端蓋,GDT01P401012E0AA5,GDT01P401012E0AA5,68.57142857,1,3
T1-LM902,端蓋,GDT01P401012E0AA5,GDT01P401012E0AA5,51.42857143,1,3
T1-LM401,端蓋,GDT01P401012E0AA5,GDT01P401012E0AA5,51.42857143,1,3
T1-JM101,接長,GDT01P401012E0AA5,GDT01P401012E0AA5,32.72727273,1,4
T1-JM402,接長,GDT01P401012E0AA5,GDT01P401012E0AA5,36,1,4
T1-VP201,真空,GDT01P401012E0AA5,GDT01P401012E0AA5,51.42857143,1,5
T1-VP202,真空,GDT01P401012E0AA5,GDT01P401012E0AA5,51.42857143,1,5
T1-VP102,真空,GDT01P401012E0AA5,GDT01P401012E0AA5,51.42857143,1,5
T1-VP103,真空,GDT01P401012E0AA5,GDT01P401012E0AA5,51.42857143,1,5
T1-FF101,摺疊,GDT02P40998S9AA2,GDT02P40998S9AA2,60,1,1
T1-FF301,摺疊,GDT02P40998S9AA2,GDT02P40998S9AA2,60,1,1
T1-FF302,摺疊,GDT02P40998S9AA2,GDT02P40998S9AA2,60,1,1
T1-FF401,摺疊,GDT02P40998S9AA2,GDT02P40998S9AA2,60,1,1
T1-EC201,修邊,GDT02P40998S9AA2,GDT02P40998S9AA2,45,1,2
T1-EC301,修邊,GDT02P40998S9AA2,GDT02P40998S9AA2,45,1,2
T1-EC501,修邊,GDT02P40998S9AA2,GDT02P40998S9AA2,45,1,2
T1-LM101,端蓋,GDT02P40998S9AA2,GDT02P40998S9AA2,130.9090909,1,3
T1-LM901,端蓋,GDT02P40998S9AA2,GDT02P40998S9AA2,68.57142857,1,3
T1-LM902,端蓋,GDT02P40998S9AA2,GDT02P40998S9AA2,51.42857143,1,3
T1-LM401,端蓋,GDT02P40998S9AA2,GDT02P40998S9AA2,51.42857143,1,3
T1-JM101,接長,GDT02P40998S9AA2,GDT02P40998S9AA2,32.72727273,1,4
T1-JM402,接長,GDT02P40998S9AA2,GDT02P40998S9AA2,36,1,4
T1-VP201,真空,GDT02P40998S9AA2,GDT02P40998S9AA2,51.42857143,1,5
T1-VP202,真空,GDT02P40998S9AA2,GDT02P40998S9AA2,51.42857143,1,5
T1-VP102,真空,GDT02P40998S9AA2,GDT02P40998S9AA2,51.42857143,1,5
T1-VP103,真空,GDT02P40998S9AA2,GDT02P40998S9AA2,51.42857143,1,5
T1-FF101,摺疊,GDT5P401012E0AA6,GDT5P401012E0AA6,60,1,1
T1-FF301,摺疊,GDT5P401012E0AA6,GDT5P401012E0AA6,60,1,1
T1-FF302,摺疊,GDT5P401012E0AA6,GDT5P401012E0AA6,60,1,1
T1-FF401,摺疊,GDT5P401012E0AA6,GDT5P401012E0AA6,60,1,1
T1-EC201,修邊,GDT5P401012E0AA6,GDT5P401012E0AA6,45,1,2
T1-EC301,修邊,GDT5P401012E0AA6,GDT5P401012E0AA6,45,1,2
T1-EC501,修邊,GDT5P401012E0AA6,GDT5P401012E0AA6,45,1,2
T1-LM101,端蓋,GDT5P401012E0AA6,GDT5P401012E0AA6,130.9090909,1,3
T1-LM901,端蓋,GDT5P401012E0AA6,GDT5P401012E0AA6,68.57142857,1,3
T1-LM902,端蓋,GDT5P401012E0AA6,GDT5P401012E0AA6,51.42857143,1,3
T1-LM401,端蓋,GDT5P401012E0AA6,GDT5P401012E0AA6,51.42857143,1,3
T1-JM101,接長,GDT5P401012E0AA6,GDT5P401012E0AA6,32.72727273,1,4
T1-JM402,接長,GDT5P401012E0AA6,GDT5P401012E0AA6,36,1,4
T1-VP201,真空,GDT5P401012E0AA6,GDT5P401012E0AA6,51.42857143,1,5
T1-VP202,真空,GDT5P401012E0AA6,GDT5P401012E0AA6,51.42857143,1,5
T1-VP102,真空,GDT5P401012E0AA6,GDT5P401012E0AA6,51.42857143,1,5
T1-VP103,真空,GDT5P401012E0AA6,GDT5P401012E0AA6,51.42857143,1,5
T1-FF101,摺疊,GDMT10J05J02P10250E0HAAA,GDMT10J05J02P10250E0HAAA,60,1,1
T1-FF301,摺疊,GDMT10J05J02P10250E0HAAA,GDMT10J05J02P10250E0HAAA,60,1,1
T1-FF302,摺疊,GDMT10J05J02P10250E0HAAA,GDMT10J05J02P10250E0HAAA,60,1,1
T1-FF401,摺疊,GDMT10J05J02P10250E0HAAA,GDMT10J05J02P10250E0HAAA,60,1,1
T1-EC201,修邊,GDMT10J05J02P10250E0HAAA,GDMT10J05J02P10250E0HAAA,45,1,2
T1-EC301,修邊,GDMT10J05J02P10250E0HAAA,GDMT10J05J02P10250E0HAAA,45,1,2
T1-EC501,修邊,GDMT10J05J02P10250E0HAAA,GDMT10J05J02P10250E0HAAA,45,1,2
T1-LM101,端蓋,GDMT10J05J02P10250E0HAAA,GDMT10J05J02P10250E0HAAA,130.9090909,1,3
T1-LM901,端蓋,GDMT10J05J02P10250E0HAAA,GDMT10J05J02P10250E0HAAA,68.57142857,1,3
T1-LM902,端蓋,GDMT10J05J02P10250E0HAAA,GDMT10J05J02P10250E0HAAA,51.42857143,1,3
T1-LM201,端蓋,GDMT10J05J02P10250E0HAAA,GDMT10J05J02P10250E0HAAA,51.42857143,1,3
T1-VP201,真空,GDMT10J05J02P10250E0HAAA,GDMT10J05J02P10250E0HAAA,45,1,4
T1-VP202,真空,GDMT10J05J02P10250E0HAAA,GDMT10J05J02P10250E0HAAA,45,1,4
T1-VP102,真空,GDMT10J05J02P10250E0HAAA,GDMT10J05J02P10250E0HAAA,51.42857143,1,4
T1-VP103,真空,GDMT10J05J02P10250E0HAAA,GDMT10J05J02P10250E0HAAA,51.42857143,1,4
T1-JM301,熔噴,PB50P10Y30SZZO,PB50P10Y30SZZO,28.8,1,1
T1-JM401,熔噴,PB50P10Y30SZZO,PB50P10Y30SZZO,40,1,1
T1-JM301,熔噴,PB50P10Y30SWLZZO,PB50P10Y30SWLZZO,28.8,1,1
T1-JM401,熔噴,PB50P10Y30SWLZZO,PB50P10Y30SWLZZO,40,1,1
T1-JM301,熔噴,PB50P10Y30SP50ZZO,PB50P10Y30SP50ZZO,28.8,1,1
T1-JM401,熔噴,PB50P10Y30SP50ZZO,PB50P10Y30SP50ZZO,40,1,1
T1-JM301,熔噴,PB5P10Y30SZZO,PB5P10Y30SZZO,28.8,1,1
T1-JM401,熔噴,PB5P10Y30SZZO,PB5P10Y30SZZO,40,1,1
T1-JM301,熔噴,PB5P10Y30SWLZZO,PB5P10Y30SWLZZO,28.8,1,1
T1-JM401,熔噴,PB5P10Y30SWLZZO,PB5P10Y30SWLZZO,40,1,1
T1-JM301,熔噴,PB5P10Y30SP1ZTP,PB5P10Y30SP1ZTP,28.8,1,1
T1-JM401,熔噴,PB5P10Y30SP1ZTP,PB5P10Y30SP1ZTP,40,1,1
T1-JM301,熔噴,PB5P10Y30SP5ZZO,PB5P10Y30SP5ZZO,28.8,1,1
T1-JM401,熔噴,PB5P10Y30SP5ZZO,PB5P10Y30SP5ZZO,40,1,1
T1-JM701,熔噴,PB50P20Y30SZZO,PB50P20Y30SZZO,12,1,1
T1-JM301,熔噴,PB50P20Y30SZZO,PB50P20Y30SZZO,28.8,1,1
T1-JM401,熔噴,PB50P20Y30SZZO,PB50P20Y30SZZO,40,1,1
T1-JM701,熔噴,PB50P20Y30SWLZZO,PB50P20Y30SWLZZO,12,1,1
T1-JM301,熔噴,PB50P20Y30SWLZZO,PB50P20Y30SWLZZO,28.8,1,1
T1-JM401,熔噴,PB50P20Y30SWLZZO,PB50P20Y30SWLZZO,40,1,1
T1-JM701,熔噴,PB50P20Y30SP50ZZO,PB50P20Y30SP50ZZO,12,1,1
T1-JM301,熔噴,PB50P20Y30SP50ZZO,PB50P20Y30SP50ZZO,28.8,1,1
T1-JM401,熔噴,PB50P20Y30SP50ZZO,PB50P20Y30SP50ZZO,40,1,1
T1-JM701,熔噴,PB50P20Y30SP75ZZO,PB50P20Y30SP75ZZO,12,1,1
T1-JM301,熔噴,PB50P20Y30SP75ZZO,PB50P20Y30SP75ZZO,28.8,1,1
T1-JM401,熔噴,PB50P20Y30SP75ZZO,PB50P20Y30SP75ZZO,40,1,1
T1-JM701,熔噴,PB50P20Y30SP75ZZO,PB50P20Y30SP75ZZO,12,1,1
T1-JM301,熔噴,PB50P20Y30SP75ZZO,PB50P20Y30SP75ZZO,28.8,1,1
T1-JM401,熔噴,PB50P20Y30SP75ZZO,PB50P20Y30SP75ZZO,40,1,1
T1-JM701,熔噴,PB5P20Y30SWLZZO,PB5P20Y30SWLZZO,12,1,1
T1-JM301,熔噴,PB5P20Y30SWLZZO,PB5P20Y30SWLZZO,28.8,1,1
T1-JM401,熔噴,PB5P20Y30SWLZZO,PB5P20Y30SWLZZO,40,1,1
T1-JM701,熔噴,PB5P20Y30SP1ZZO,PB5P20Y30SP1ZZO,12,1,1
T1-JM301,熔噴,PB5P20Y30SP1ZZO,PB5P20Y30SP1ZZO,28.8,1,1
T1-JM401,熔噴,PB5P20Y30SP1ZZO,PB5P20Y30SP1ZZO,40,1,1
T1-JM701,熔噴,PB5P20Y30SP5ZZO,PB5P20Y30SP5ZZO,12,1,1
T1-JM301,熔噴,PB5P20Y30SP5ZZO,PB5P20Y30SP5ZZO,28.8,1,1
T1-JM401,熔噴,PB5P20Y30SP5ZZO,PB5P20Y30SP5ZZO,40,1,1
T1-JM701,熔噴,PB5P20Y30SP5ZZO,PB5P20Y30SP5ZZO,12,1,1
T1-JM301,熔噴,PB5P20Y30SP5ZZO,PB5P20Y30SP5ZZO,28.8,1,1
T1-JM401,熔噴,PB5P20Y30SP5ZZO,PB5P20Y30SP5ZZO,40,1,1
T1-JM701,熔噴,PB5P30Y30SP5ZZO,PB5P30Y30SP5ZZO,12,1,1
T1-JM301,熔噴,PB5P30Y30SP5ZZO,PB5P30Y30SP5ZZO,28.8,1,1
T1-JM401,熔噴,PB5P30Y30SP5ZZO,PB5P30Y30SP5ZZO,40,1,1
T1-FF101,摺疊,GDB05P10226E7D0AA6,GDB05P10226E7D0AA6,60,1,1
T1-FF301,摺疊,GDB05P10226E7D0AA6,GDB05P10226E7D0AA6,60,1,1
T1-FF302,摺疊,GDB05P10226E7D0AA6,GDB05P10226E7D0AA6,60,1,1
T1-FF401,摺疊,GDB05P10226E7D0AA6,GDB05P10226E7D0AA6,60,1,1
T1-EC201,修邊,GDB05P10226E7D0AA6,GDB05P10226E7D0AA6,45,1,2
T1-LM101,端蓋,GDB05P10226E7D0AA6,GDB05P10226E7D0AA6,130.9090909,1,3
T1-LM901,端蓋,GDB05P10226E7D0AA6,GDB05P10226E7D0AA6,68.57142857,1,3
T1-LM902,端蓋,GDB05P10226E7D0AA6,GDB05P10226E7D0AA6,51.42857143,1,3
T1-VP201,真空,GDB05P10226E7D0AA6,GDB05P10226E7D0AA6,45,1,4
T1-VP202,真空,GDB05P10226E7D0AA6,GDB05P10226E7D0AA6,45,1,4
T1-VP102,真空,GDB05P10226E7D0AA6,GDB05P10226E7D0AA6,51.42857143,1,4
T1-VP103,真空,GDB05P10226E7D0AA6,GDB05P10226E7D0AA6,51.42857143,1,4
T1-FF101,摺疊,GDB10P10226E7D0AA8,GDB10P10226E7D0AA8,60,1,1
T1-FF301,摺疊,GDB10P10226E7D0AA8,GDB10P10226E7D0AA8,60,1,1
T1-FF302,摺疊,GDB10P10226E7D0AA8,GDB10P10226E7D0AA8,60,1,1
T1-FF401,摺疊,GDB10P10226E7D0AA8,GDB10P10226E7D0AA8,60,1,1
T1-EC201,修邊,GDB10P10226E7D0AA8,GDB10P10226E7D0AA8,45,1,2
T1-LM101,端蓋,GDB10P10226E7D0AA8,GDB10P10226E7D0AA8,130.9090909,1,3
T1-LM901,端蓋,GDB10P10226E7D0AA8,GDB10P10226E7D0AA8,68.57142857,1,3
T1-LM902,端蓋,GDB10P10226E7D0AA8,GDB10P10226E7D0AA8,51.42857143,1,3
T1-VP201,真空,GDB10P10226E7D0AA8,GDB10P10226E7D0AA8,45,1,4
T1-VP202,真空,GDB10P10226E7D0AA8,GDB10P10226E7D0AA8,45,1,4
T1-VP102,真空,GDB10P10226E7D0AA8,GDB10P10226E7D0AA8,51.42857143,1,4
T1-VP103,真空,GDB10P10226E7D0AA8,GDB10P10226E7D0AA8,51.42857143,1,4
T1-FF101,摺疊,GDB10P10226V7D0GG8,GDB10P10226V7D0GG8,60,1,1
T1-FF301,摺疊,GDB10P10226V7D0GG8,GDB10P10226V7D0GG8,60,1,1
T1-FF302,摺疊,GDB10P10226V7D0GG8,GDB10P10226V7D0GG8,60,1,1
T1-FF401,摺疊,GDB10P10226V7D0GG8,GDB10P10226V7D0GG8,60,1,1
T1-EC201,修邊,GDB10P10226V7D0GG8,GDB10P10226V7D0GG8,45,1,2
T1-LM101,端蓋,GDB10P10226V7D0GG8,GDB10P10226V7D0GG8,130.9090909,1,3
T1-LM901,端蓋,GDB10P10226V7D0GG8,GDB10P10226V7D0GG8,68.57142857,1,3
T1-LM902,端蓋,GDB10P10226V7D0GG8,GDB10P10226V7D0GG8,51.42857143,1,3
T1-VP201,真空,GDB10P10226V7D0GG8,GDB10P10226V7D0GG8,45,1,4
T1-VP202,真空,GDB10P10226V7D0GG8,GDB10P10226V7D0GG8,45,1,4
T1-VP102,真空,GDB10P10226V7D0GG8,GDB10P10226V7D0GG8,51.42857143,1,4
T1-VP103,真空,GDB10P10226V7D0GG8,GDB10P10226V7D0GG8,51.42857143,1,4
T1-FF101,摺疊,GDB3P10226E7D0GG4,GDB3P10226E7D0GG4,60,1,1
T1-FF301,摺疊,GDB3P10226E7D0GG4,GDB3P10226E7D0GG4,60,1,1
T1-FF302,摺疊,GDB3P10226E7D0GG4,GDB3P10226E7D0GG4,60,1,1
T1-FF401,摺疊,GDB3P10226E7D0GG4,GDB3P10226E7D0GG4,60,1,1
T1-EC201,修邊,GDB3P10226E7D0GG4,GDB3P10226E7D0GG4,45,1,2
T1-LM101,端蓋,GDB3P10226E7D0GG4,GDB3P10226E7D0GG4,130.9090909,1,3
T1-LM901,端蓋,GDB3P10226E7D0GG4,GDB3P10226E7D0GG4,68.57142857,1,3
T1-LM902,端蓋,GDB3P10226E7D0GG4,GDB3P10226E7D0GG4,51.42857143,1,3
T1-VP201,真空,GDB3P10226E7D0GG4,GDB3P10226E7D0GG4,45,1,4
T1-VP202,真空,GDB3P10226E7D0GG4,GDB3P10226E7D0GG4,45,1,4
T1-VP102,真空,GDB3P10226E7D0GG4,GDB3P10226E7D0GG4,51.42857143,1,4
T1-VP103,真空,GDB3P10226E7D0GG4,GDB3P10226E7D0GG4,51.42857143,1,4
T1-FF101,摺疊,GDB3P10226E7D0S2.5GG4,GDB3P10226E7D0S2.5GG4,60,1,1
T1-FF301,摺疊,GDB3P10226E7D0S2.5GG4,GDB3P10226E7D0S2.5GG4,60,1,1
T1-FF302,摺疊,GDB3P10226E7D0S2.5GG4,GDB3P10226E7D0S2.5GG4,60,1,1
T1-FF401,摺疊,GDB3P10226E7D0S2.5GG4,GDB3P10226E7D0S2.5GG4,60,1,1
T1-EC201,修邊,GDB3P10226E7D0S2.5GG4,GDB3P10226E7D0S2.5GG4,45,1,2
T1-LM101,端蓋,GDB3P10226E7D0S2.5GG4,GDB3P10226E7D0S2.5GG4,130.9090909,1,3
T1-LM901,端蓋,GDB3P10226E7D0S2.5GG4,GDB3P10226E7D0S2.5GG4,68.57142857,1,3
T1-LM902,端蓋,GDB3P10226E7D0S2.5GG4,GDB3P10226E7D0S2.5GG4,51.42857143,1,3
T1-VP201,真空,GDB3P10226E7D0S2.5GG4,GDB3P10226E7D0S2.5GG4,45,1,4
T1-VP202,真空,GDB3P10226E7D0S2.5GG4,GDB3P10226E7D0S2.5GG4,45,1,4
T1-VP102,真空,GDB3P10226E7D0S2.5GG4,GDB3P10226E7D0S2.5GG4,51.42857143,1,4
T1-VP103,真空,GDB3P10226E7D0S2.5GG4,GDB3P10226E7D0S2.5GG4,51.42857143,1,4
T1-FF101,摺疊,GDB5P10226E5D0AA6,GDB5P10226E5D0AA6,60,1,1
T1-FF301,摺疊,GDB5P10226E5D0AA6,GDB5P10226E5D0AA6,60,1,1
T1-FF302,摺疊,GDB5P10226E5D0AA6,GDB5P10226E5D0AA6,60,1,1
T1-FF401,摺疊,GDB5P10226E5D0AA6,GDB5P10226E5D0AA6,60,1,1
T1-EC201,修邊,GDB5P10226E5D0AA6,GDB5P10226E5D0AA6,45,1,2
T1-LM101,端蓋,GDB5P10226E5D0AA6,GDB5P10226E5D0AA6,130.9090909,1,3
T1-LM901,端蓋,GDB5P10226E5D0AA6,GDB5P10226E5D0AA6,68.57142857,1,3
T1-LM902,端蓋,GDB5P10226E5D0AA6,GDB5P10226E5D0AA6,51.42857143,1,3
T1-VP201,真空,GDB5P10226E5D0AA6,GDB5P10226E5D0AA6,45,1,4
T1-VP202,真空,GDB5P10226E5D0AA6,GDB5P10226E5D0AA6,45,1,4
T1-VP102,真空,GDB5P10226E5D0AA6,GDB5P10226E5D0AA6,51.42857143,1,4
T1-VP103,真空,GDB5P10226E5D0AA6,GDB5P10226E5D0AA6,51.42857143,1,4
T1-FF101,摺疊,GDB100P30682E4D0GG4,GDB100P30682E4D0GG4,60,1,1
T1-FF301,摺疊,GDB100P30682E4D0GG4,GDB100P30682E4D0GG4,60,1,1
T1-FF302,摺疊,GDB100P30682E4D0GG4,GDB100P30682E4D0GG4,60,1,1
T1-FF401,摺疊,GDB100P30682E4D0GG4,GDB100P30682E4D0GG4,60,1,1
T1-EC201,修邊,GDB100P30682E4D0GG4,GDB100P30682E4D0GG4,45,1,2
T1-LM101,端蓋,GDB100P30682E4D0GG4,GDB100P30682E4D0GG4,130.9090909,1,3
T1-LM901,端蓋,GDB100P30682E4D0GG4,GDB100P30682E4D0GG4,68.57142857,1,3
T1-LM902,端蓋,GDB100P30682E4D0GG4,GDB100P30682E4D0GG4,51.42857143,1,3
T1-JM402,接長,GDB100P30682E4D0GG4,GDB100P30682E4D0GG4,36,1,4
T1-VP201,真空,GDB100P30682E4D0GG4,GDB100P30682E4D0GG4,51.42857143,1,5
T1-VP202,真空,GDB100P30682E4D0GG4,GDB100P30682E4D0GG4,51.42857143,1,5
T1-VP102,真空,GDB100P30682E4D0GG4,GDB100P30682E4D0GG4,51.42857143,1,5
T1-VP103,真空,GDB100P30682E4D0GG4,GDB100P30682E4D0GG4,51.42857143,1,5
T1-FF101,摺疊,RCB1PX04EXT04G20,RCB1PX04EXT04G20,60,1,1
T1-FF301,摺疊,RCB1PX04EXT04G20,RCB1PX04EXT04G20,60,1,1
T1-FF302,摺疊,RCB1PX04EXT04G20,RCB1PX04EXT04G20,60,1,1
T1-FF401,摺疊,RCB1PX04EXT04G20,RCB1PX04EXT04G20,60,1,1
T1-EC401,修邊,RCB1PX04EXT04G20,RCB1PX04EXT04G20,22.5,1,2
T1-LM601,端蓋,RCB1PX04EXT04G20,RCB1PX04EXT04G20,51.42857143,1,3
T1-LM701,端蓋,RCB1PX04EXT04G20,RCB1PX04EXT04G20,65.45454545,1,4
T1-LM801,端蓋,RCB1PX04EXT04G20,RCB1PX04EXT04G20,55.38461538,1,5
T17-0A,保壓,RCB1PX04EXT04G20,RCB1PX04EXT04G20,51.42857143,1,6
T1-VP201,真空,RCB1PX04EXT04G20,RCB1PX04EXT04G20,45,1,7
T1-VP202,真空,RCB1PX04EXT04G20,RCB1PX04EXT04G20,45,1,7
T1-FF101,摺疊,RCA2.5PX04EXTGG7,RCA2.5PX04EXTGG7,60,1,1
T1-FF301,摺疊,RCA2.5PX04EXTGG7,RCA2.5PX04EXTGG7,60,1,1
T1-FF302,摺疊,RCA2.5PX04EXTGG7,RCA2.5PX04EXTGG7,60,1,1
T1-FF401,摺疊,RCA2.5PX04EXTGG7,RCA2.5PX04EXTGG7,60,1,1
T1-EC401,修邊,RCA2.5PX04EXTGG7,RCA2.5PX04EXTGG7,22.5,1,2
T1-LM601,端蓋,RCA2.5PX04EXTGG7,RCA2.5PX04EXTGG7,51.42857143,1,3
T1-LM701,端蓋,RCA2.5PX04EXTGG7,RCA2.5PX04EXTGG7,65.45454545,1,4
T1-LM801,端蓋,RCA2.5PX04EXTGG7,RCA2.5PX04EXTGG7,55.38461538,1,5
T17-0A,保壓,RCA2.5PX04EXTGG7,RCA2.5PX04EXTGG7,51.42857143,1,6
T1-VP201,真空,RCA2.5PX04EXTGG7,RCA2.5PX04EXTGG7,45,1,7
T1-VP202,真空,RCA2.5PX04EXTGG7,RCA2.5PX04EXTGG7,45,1,7
T1-JM701,熔噴,PBA05PT30E8CWHZZD,PBA05PT30E8CWHZZD,12,1,1
T1-JM201,熔噴,PBA05PT30E8CWHZZD,PBA05PT30E8CWHZZD,26.66666667,1,1
T1-JM301,熔噴,PBA05PT30E8CWHZZD,PBA05PT30E8CWHZZD,28.8,1,1
T1-JM401,熔噴,PBA05PT30E8CWHZZD,PBA05PT30E8CWHZZD,40,1,1
T1-JM701,熔噴,PBI210P30E5ZZD,PBI210P30E5ZZD,12,1,1
T1-JM201,熔噴,PBI210P30E5ZZD,PBI210P30E5ZZD,26.66666667,1,1
T1-JM301,熔噴,PBI210P30E5ZZD,PBI210P30E5ZZD,28.8,1,1
T1-JM401,熔噴,PBI210P30E5ZZD,PBI210P30E5ZZD,40,1,1
T1-JM701,熔噴,PBI21P30E5ZZD,PBI21P30E5ZZD,12,1,1
T1-JM201,熔噴,PBI21P30E5ZZD,PBI21P30E5ZZD,26.66666667,1,1
T1-JM301,熔噴,PBI21P30E5ZZD,PBI21P30E5ZZD,28.8,1,1
T1-JM401,熔噴,PBI21P30E5ZZD,PBI21P30E5ZZD,40,1,1
T1-JM301,熔噴,PBGL1P40Y0ZZD,PBGL1P40Y0ZZD,28.8,1,1
T1-JM401,熔噴,PBGL1P40Y0ZZD,PBGL1P40Y0ZZD,40,1,1
T1-JM201,熔噴,PB5P40E8ZTP,PB5P40E8ZTP,26.66666667,1,1
T1-JM301,熔噴,PB5P40E8ZTP,PB5P40E8ZTP,28.8,1,1
T1-JM401,熔噴,PB5P40E8ZTP,PB5P40E8ZTP,40,1,1
T1-JM201,熔噴,PB5P098Y30ZZO,PB5P098Y30ZZO,26.66666667,1,1
T1-JM301,熔噴,PB5P098Y30ZZO,PB5P098Y30ZZO,28.8,1,1
T1-JM401,熔噴,PB5P098Y30ZZO,PB5P098Y30ZZO,40,1,1
T1-JM201,熔噴,PB5P20Y30SZZO,PB5P20Y30SZZO,26.66666667,1,1
T1-JM301,熔噴,PB5P20Y30SZZO,PB5P20Y30SZZO,28.8,1,1
T1-JM401,熔噴,PB5P20Y30SZZO,PB5P20Y30SZZO,40,1,1
T1-JM701,熔噴,PB50P30E8ZTP,PB50P30E8ZTP,12,1,1
T1-JM201,熔噴,PB50P30E8ZTP,PB50P30E8ZTP,26.66666667,1,1
T1-JM301,熔噴,PB50P30E8ZTP,PB50P30E8ZTP,28.8,1,1
T1-JM401,熔噴,PB50P30E8ZTP,PB50P30E8ZTP,40,1,1
T1-FF101,摺疊,CAA01PJ02J02XTA14,CAA01PJ02J02XTA14,60,1,1
T1-FF301,摺疊,CAA01PJ02J02XTA14,CAA01PJ02J02XTA14,60,1,1
T1-FF302,摺疊,CAA01PJ02J02XTA14,CAA01PJ02J02XTA14,60,1,1
T1-FF401,摺疊,CAA01PJ02J02XTA14,CAA01PJ02J02XTA14,60,1,1
T1-EC401,修邊,CAA01PJ02J02XTA14,CAA01PJ02J02XTA14,22.5,1,2
T1-LM601,端蓋,CAA01PJ02J02XTA14,CAA01PJ02J02XTA14,51.42857143,1,3
T1-LM701,端蓋,CAA01PJ02J02XTA14,CAA01PJ02J02XTA14,65.45454545,1,4
T1-LM801,端蓋,CAA01PJ02J02XTA14,CAA01PJ02J02XTA14,55.38461538,1,5
T17-0A,保壓,CAA01PJ02J02XTA14,CAA01PJ02J02XTA14,51.42857143,1,6
T1-VP201,真空,CAA01PJ02J02XTA14,CAA01PJ02J02XTA14,45,1,7
T1-VP202,真空,CAA01PJ02J02XTA14,CAA01PJ02J02XTA14,45,1,7
T1-FF101,摺疊,CAA10PJ02J02AA8,CAA10PJ02J02AA8,60,1,1
T1-FF301,摺疊,CAA10PJ02J02AA8,CAA10PJ02J02AA8,60,1,1
T1-FF302,摺疊,CAA10PJ02J02AA8,CAA10PJ02J02AA8,60,1,1
T1-FF401,摺疊,CAA10PJ02J02AA8,CAA10PJ02J02AA8,60,1,1
T1-EC401,修邊,CAA10PJ02J02AA8,CAA10PJ02J02AA8,22.5,1,2
T1-LM601,端蓋,CAA10PJ02J02AA8,CAA10PJ02J02AA8,51.42857143,1,3
T1-LM701,端蓋,CAA10PJ02J02AA8,CAA10PJ02J02AA8,65.45454545,1,4
T1-LM801,端蓋,CAA10PJ02J02AA8,CAA10PJ02J02AA8,55.38461538,1,5
T17-0A,保壓,CAA10PJ02J02AA8,CAA10PJ02J02AA8,51.42857143,1,6
T1-VP201,真空,CAA10PJ02J02AA8,CAA10PJ02J02AA8,45,1,7
T1-VP202,真空,CAA10PJ02J02AA8,CAA10PJ02J02AA8,45,1,7
T1-FF101,摺疊,CAA1PN02N01A10,CAA1PN02N01A10,60,1,1
T1-FF301,摺疊,CAA1PN02N01A10,CAA1PN02N01A10,60,1,1
T1-FF302,摺疊,CAA1PN02N01A10,CAA1PN02N01A10,60,1,1
T1-FF401,摺疊,CAA1PN02N01A10,CAA1PN02N01A10,60,1,1
T1-EC401,修邊,CAA1PN02N01A10,CAA1PN02N01A10,22.5,1,2
T1-LM601,端蓋,CAA1PN02N01A10,CAA1PN02N01A10,51.42857143,1,3
T1-LM701,端蓋,CAA1PN02N01A10,CAA1PN02N01A10,65.45454545,1,4
T1-LM801,端蓋,CAA1PN02N01A10,CAA1PN02N01A10,55.38461538,1,5
T17-0A,保壓,CAA1PN02N01A10,CAA1PN02N01A10,51.42857143,1,6
T1-VP201,真空,CAA1PN02N01A10,CAA1PN02N01A10,45,1,7
T1-VP202,真空,CAA1PN02N01A10,CAA1PN02N01A10,45,1,7
T1-FF101,摺疊,CAA20PN02N01A10,CAA20PN02N01A10,60,1,1
T1-FF301,摺疊,CAA20PN02N01A10,CAA20PN02N01A10,60,1,1
T1-FF302,摺疊,CAA20PN02N01A10,CAA20PN02N01A10,60,1,1
T1-FF401,摺疊,CAA20PN02N01A10,CAA20PN02N01A10,60,1,1
T1-EC401,修邊,CAA20PN02N01A10,CAA20PN02N01A10,22.5,1,2
T1-LM601,端蓋,CAA20PN02N01A10,CAA20PN02N01A10,51.42857143,1,3
T1-LM701,端蓋,CAA20PN02N01A10,CAA20PN02N01A10,65.45454545,1,4
T1-LM801,端蓋,CAA20PN02N01A10,CAA20PN02N01A10,55.38461538,1,5
T17-0A,保壓,CAA20PN02N01A10,CAA20PN02N01A10,51.42857143,1,6
T1-VP201,真空,CAA20PN02N01A10,CAA20PN02N01A10,45,1,7
T1-VP202,真空,CAA20PN02N01A10,CAA20PN02N01A10,45,1,7
T1-FF101,摺疊,CAA3PN02N01AA4,CAA3PN02N01AA4,60,1,1
T1-FF301,摺疊,CAA3PN02N01AA4,CAA3PN02N01AA4,60,1,1
T1-FF302,摺疊,CAA3PN02N01AA4,CAA3PN02N01AA4,60,1,1
T1-FF401,摺疊,CAA3PN02N01AA4,CAA3PN02N01AA4,60,1,1
T1-EC401,修邊,CAA3PN02N01AA4,CAA3PN02N01AA4,22.5,1,2
T1-LM601,端蓋,CAA3PN02N01AA4,CAA3PN02N01AA4,51.42857143,1,3
T1-LM701,端蓋,CAA3PN02N01AA4,CAA3PN02N01AA4,65.45454545,1,4
T1-LM801,端蓋,CAA3PN02N01AA4,CAA3PN02N01AA4,55.38461538,1,5
T17-0A,保壓,CAA3PN02N01AA4,CAA3PN02N01AA4,51.42857143,1,6
T1-VP201,真空,CAA3PN02N01AA4,CAA3PN02N01AA4,45,1,7
T1-VP202,真空,CAA3PN02N01AA4,CAA3PN02N01AA4,45,1,7
T1-FF101,摺疊,CAA50PN02N01AA8,CAA50PN02N01AA8,60,1,1
T1-FF301,摺疊,CAA50PN02N01AA8,CAA50PN02N01AA8,60,1,1
T1-FF302,摺疊,CAA50PN02N01AA8,CAA50PN02N01AA8,60,1,1
T1-FF401,摺疊,CAA50PN02N01AA8,CAA50PN02N01AA8,60,1,1
T1-EC401,修邊,CAA50PN02N01AA8,CAA50PN02N01AA8,22.5,1,2
T1-LM601,端蓋,CAA50PN02N01AA8,CAA50PN02N01AA8,51.42857143,1,3
T1-LM701,端蓋,CAA50PN02N01AA8,CAA50PN02N01AA8,65.45454545,1,4
T1-LM801,端蓋,CAA50PN02N01AA8,CAA50PN02N01AA8,55.38461538,1,5
T17-0A,保壓,CAA50PN02N01AA8,CAA50PN02N01AA8,51.42857143,1,6
T1-VP201,真空,CAA50PN02N01AA8,CAA50PN02N01AA8,45,1,7
T1-VP202,真空,CAA50PN02N01AA8,CAA50PN02N01AA8,45,1,7
T1-FF101,摺疊,CAA5PJ03J02XTA17,CAA5PJ03J02XTA17,60,1,1
T1-FF301,摺疊,CAA5PJ03J02XTA17,CAA5PJ03J02XTA17,60,1,1
T1-FF302,摺疊,CAA5PJ03J02XTA17,CAA5PJ03J02XTA17,60,1,1
T1-FF401,摺疊,CAA5PJ03J02XTA17,CAA5PJ03J02XTA17,60,1,1
T1-EC401,修邊,CAA5PJ03J02XTA17,CAA5PJ03J02XTA17,22.5,1,2
T1-LM601,端蓋,CAA5PJ03J02XTA17,CAA5PJ03J02XTA17,51.42857143,1,3
T1-LM701,端蓋,CAA5PJ03J02XTA17,CAA5PJ03J02XTA17,65.45454545,1,4
T1-LM801,端蓋,CAA5PJ03J02XTA17,CAA5PJ03J02XTA17,55.38461538,1,5
T17-0A,保壓,CAA5PJ03J02XTA17,CAA5PJ03J02XTA17,51.42857143,1,6
T1-VP201,真空,CAA5PJ03J02XTA17,CAA5PJ03J02XTA17,45,1,7
T1-VP202,真空,CAA5PJ03J02XTA17,CAA5PJ03J02XTA17,45,1,7
T1-FF101,摺疊,GDF10HPH10248W5AAA5,GDF10HPH10248W5AAA5,120,1,1
T1-FF301,摺疊,GDF10HPH10248W5AAA5,GDF10HPH10248W5AAA5,120,1,1
T1-FF302,摺疊,GDF10HPH10248W5AAA5,GDF10HPH10248W5AAA5,120,1,1
T1-FF401,摺疊,GDF10HPH10248W5AAA5,GDF10HPH10248W5AAA5,120,1,1
T1-EC201,修邊,GDF10HPH10248W5AAA5,GDF10HPH10248W5AAA5,72,1,2
T1-EC301,修邊,GDF10HPH10248W5AAA5,GDF10HPH10248W5AAA5,72,1,2
T1-EC501,修邊,GDF10HPH10248W5AAA5,GDF10HPH10248W5AAA5,72,1,2
T1-LM101,端蓋,GDF10HPH10248W5AAA5,GDF10HPH10248W5AAA5,130.9090909,1,3
T1-LM901,端蓋,GDF10HPH10248W5AAA5,GDF10HPH10248W5AAA5,68.57142857,1,3
T1-LM902,端蓋,GDF10HPH10248W5AAA5,GDF10HPH10248W5AAA5,51.42857143,1,3
T1-LM401,端蓋,GDF10HPH10248W5AAA5,GDF10HPH10248W5AAA5,51.42857143,1,3
T1-VP201,真空,GDF10HPH10248W5AAA5,GDF10HPH10248W5AAA5,45,1,4
T1-VP202,真空,GDF10HPH10248W5AAA5,GDF10HPH10248W5AAA5,45,1,4
T1-VP102,真空,GDF10HPH10248W5AAA5,GDF10HPH10248W5AAA5,51.42857143,1,4
T1-VP103,真空,GDF10HPH10248W5AAA5,GDF10HPH10248W5AAA5,51.42857143,1,4
T1-FF101,摺疊,GDF5HPH10248W5AAA5,GDF5HPH10248W5AAA5,120,1,1
T1-FF301,摺疊,GDF5HPH10248W5AAA5,GDF5HPH10248W5AAA5,120,1,1
T1-FF302,摺疊,GDF5HPH10248W5AAA5,GDF5HPH10248W5AAA5,120,1,1
T1-FF401,摺疊,GDF5HPH10248W5AAA5,GDF5HPH10248W5AAA5,120,1,1
T1-EC201,修邊,GDF5HPH10248W5AAA5,GDF5HPH10248W5AAA5,72,1,2
T1-EC301,修邊,GDF5HPH10248W5AAA5,GDF5HPH10248W5AAA5,72,1,2
T1-EC501,修邊,GDF5HPH10248W5AAA5,GDF5HPH10248W5AAA5,72,1,2
T1-LM101,端蓋,GDF5HPH10248W5AAA5,GDF5HPH10248W5AAA5,130.9090909,1,3
T1-LM901,端蓋,GDF5HPH10248W5AAA5,GDF5HPH10248W5AAA5,68.57142857,1,3
T1-LM902,端蓋,GDF5HPH10248W5AAA5,GDF5HPH10248W5AAA5,51.42857143,1,3
T1-LM401,端蓋,GDF5HPH10248W5AAA5,GDF5HPH10248W5AAA5,51.42857143,1,3
T1-VP201,真空,GDF5HPH10248W5AAA5,GDF5HPH10248W5AAA5,45,1,4
T1-VP202,真空,GDF5HPH10248W5AAA5,GDF5HPH10248W5AAA5,45,1,4
T1-VP102,真空,GDF5HPH10248W5AAA5,GDF5HPH10248W5AAA5,51.42857143,1,4
T1-VP103,真空,GDF5HPH10248W5AAA5,GDF5HPH10248W5AAA5,51.42857143,1,4
T1-FF101,摺疊,GDT0DF10248E9T6AA6,GDT0DF10248E9T6AA6,120,1,1
T1-FF301,摺疊,GDT0DF10248E9T6AA6,GDT0DF10248E9T6AA6,120,1,1
T1-FF302,摺疊,GDT0DF10248E9T6AA6,GDT0DF10248E9T6AA6,120,1,1
T1-FF401,摺疊,GDT0DF10248E9T6AA6,GDT0DF10248E9T6AA6,120,1,1
T1-EC201,修邊,GDT0DF10248E9T6AA6,GDT0DF10248E9T6AA6,72,1,2
T1-EC301,修邊,GDT0DF10248E9T6AA6,GDT0DF10248E9T6AA6,72,1,2
T1-EC501,修邊,GDT0DF10248E9T6AA6,GDT0DF10248E9T6AA6,72,1,2
T1-LM101,端蓋,GDT0DF10248E9T6AA6,GDT0DF10248E9T6AA6,130.9090909,1,3
T1-LM901,端蓋,GDT0DF10248E9T6AA6,GDT0DF10248E9T6AA6,68.57142857,1,3
T1-LM902,端蓋,GDT0DF10248E9T6AA6,GDT0DF10248E9T6AA6,51.42857143,1,3
T1-LM401,端蓋,GDT0DF10248E9T6AA6,GDT0DF10248E9T6AA6,51.42857143,1,3
T1-VP201,真空,GDT0DF10248E9T6AA6,GDT0DF10248E9T6AA6,45,1,4
T1-VP202,真空,GDT0DF10248E9T6AA6,GDT0DF10248E9T6AA6,45,1,4
T1-VP102,真空,GDT0DF10248E9T6AA6,GDT0DF10248E9T6AA6,51.42857143,1,4
T1-VP103,真空,GDT0DF10248E9T6AA6,GDT0DF10248E9T6AA6,51.42857143,1,4
T1-FF101,摺疊,GDT10F10248W5AT4AA6,GDT10F10248W5AT4AA6,120,1,1
T1-FF301,摺疊,GDT10F10248W5AT4AA6,GDT10F10248W5AT4AA6,120,1,1
T1-FF302,摺疊,GDT10F10248W5AT4AA6,GDT10F10248W5AT4AA6,120,1,1
T1-FF401,摺疊,GDT10F10248W5AT4AA6,GDT10F10248W5AT4AA6,120,1,1
T1-EC201,修邊,GDT10F10248W5AT4AA6,GDT10F10248W5AT4AA6,72,1,2
T1-EC301,修邊,GDT10F10248W5AT4AA6,GDT10F10248W5AT4AA6,72,1,2
T1-EC501,修邊,GDT10F10248W5AT4AA6,GDT10F10248W5AT4AA6,72,1,2
T1-LM101,端蓋,GDT10F10248W5AT4AA6,GDT10F10248W5AT4AA6,130.9090909,1,3
T1-LM901,端蓋,GDT10F10248W5AT4AA6,GDT10F10248W5AT4AA6,68.57142857,1,3
T1-LM902,端蓋,GDT10F10248W5AT4AA6,GDT10F10248W5AT4AA6,51.42857143,1,3
T1-LM401,端蓋,GDT10F10248W5AT4AA6,GDT10F10248W5AT4AA6,51.42857143,1,3
T1-VP201,真空,GDT10F10248W5AT4AA6,GDT10F10248W5AT4AA6,45,1,4
T1-VP202,真空,GDT10F10248W5AT4AA6,GDT10F10248W5AT4AA6,45,1,4
T1-VP102,真空,GDT10F10248W5AT4AA6,GDT10F10248W5AT4AA6,51.42857143,1,4
T1-VP103,真空,GDT10F10248W5AT4AA6,GDT10F10248W5AT4AA6,51.42857143,1,4
